Date,Pork_Production
1921-01-01,565.0
1921-02-01,484.0
1921-03-01,372.0
1921-04-01,374.0
1921-05-01,396.0
1921-06-01,439.0
1921-07-01,375.0
1921-08-01,319.0
1921-09-01,303.0
1921-10-01,350.0
1921-11-01,409.0
1921-12-01,453.0
1922-01-01,486.0
1922-02-01,414.0
1922-03-01,396.0
1922-04-01,353.0
1922-05-01,450.0
1922-06-01,509.0
1922-07-01,404.0
1922-08-01,377.0
1922-09-01,341.0
1922-10-01,398.0
1922-11-01,510.0
1922-12-01,632.0
1923-01-01,646.0
1923-02-01,530.0
1923-03-01,591.0
1923-04-01,511.0
1923-05-01,509.0
1923-06-01,515.0
1923-07-01,488.0
1923-08-01,443.0
1923-09-01,394.0
1923-10-01,522.0
1923-11-01,645.0
1923-12-01,698.0
1924-01-01,680.0
1924-02-01,586.0
1924-03-01,519.0
1924-04-01,470.0
1924-05-01,493.0
1924-06-01,504.0
1924-07-01,503.0
1924-08-01,386.0
1924-09-01,355.0
1924-10-01,416.0
1924-11-01,540.0
1924-12-01,746.0
1925-01-01,681.0
1925-02-01,511.0
1925-03-01,393.0
1925-04-01,374.0
1925-05-01,399.0
1925-06-01,475.0
1925-07-01,380.0
1925-08-01,341.0
1925-09-01,342.0
1925-10-01,424.0
1925-11-01,453.0
1925-12-01,564.0
1926-01-01,577.0
1926-02-01,427.0
1926-03-01,448.0
1926-04-01,399.0
1926-05-01,400.0
1926-06-01,460.0
1926-07-01,438.0
1926-08-01,403.0
1926-09-01,344.0
1926-10-01,356.0
1926-11-01,423.0
1926-12-01,530.0
1927-01-01,573.0
1927-02-01,445.0
1927-03-01,504.0
1927-04-01,430.0
1927-05-01,487.0
1927-06-01,552.0
1927-07-01,461.0
1927-08-01,420.0
1927-09-01,336.0
1927-10-01,370.0
1927-11-01,446.0
1927-12-01,582.0
1928-01-01,675.0
1928-02-01,721.0
1928-03-01,625.0
1928-04-01,412.0
1928-05-01,481.0
1928-06-01,505.0
1928-07-01,389.0
1928-08-01,340.0
1928-09-01,324.0
1928-10-01,468.0
1928-11-01,548.0
1928-12-01,701.0
1929-01-01,683.0
1929-02-01,545.0
1929-03-01,453.0
1929-04-01,467.0
1929-05-01,472.0
1929-06-01,476.0
1929-07-01,485.0
1929-08-01,420.0
1929-09-01,397.0
1929-10-01,475.0
1929-11-01,540.0
1929-12-01,610.0
1930-01-01,632.0
1930-02-01,503.0
1930-03-01,421.0
1930-04-01,434.0
1930-05-01,480.0
1930-06-01,482.0
1930-07-01,438.0
1930-08-01,366.0
1930-09-01,352.0
1930-10-01,436.0
1930-11-01,502.0
1930-12-01,592.0
1931-01-01,708.0
1931-02-01,530.0
1931-03-01,457.0
1931-04-01,448.0
1931-05-01,432.0
1931-06-01,429.0
1931-07-01,383.0
1931-08-01,332.0
1931-09-01,370.0
1931-10-01,452.0
1931-11-01,506.0
1931-12-01,661.0
1932-01-01,626.0
1932-02-01,563.0
1932-03-01,452.0
1932-04-01,468.0
1932-05-01,488.0
1932-06-01,405.0
1932-07-01,368.0
1932-08-01,396.0
1932-09-01,427.0
1932-10-01,454.0
1932-11-01,468.0
1932-12-01,566.0
1933-01-01,580.0
1933-02-01,449.0
1933-03-01,450.0
1933-04-01,487.0
1933-05-01,537.0
1933-06-01,589.0
1933-07-01,505.0
1933-08-01,455.0
1933-09-01,392.0
1933-10-01,384.0
1933-11-01,557.0
1933-12-01,546.0
1934-01-01,658.0
1934-02-01,415.0
1934-03-01,373.0
1934-04-01,418.0
1934-05-01,512.0
1934-06-01,463.0
1934-07-01,428.0
1934-08-01,345.0
1934-09-01,332.0
1934-10-01,440.0
1934-11-01,521.0
1934-12-01,491.0
1935-01-01,377.0
1935-02-01,302.0
1935-03-01,275.0
1935-04-01,284.0
1935-05-01,293.0
1935-06-01,254.0
1935-07-01,252.0
1935-08-01,233.0
1935-09-01,203.0
1935-10-01,297.0
1935-11-01,330.0
1935-12-01,393.0
1936-01-01,463.0
1936-02-01,299.0
1936-03-01,350.0
1936-04-01,343.0
1936-05-01,339.0
1936-06-01,379.0
1936-07-01,384.0
1936-08-01,315.0
1936-09-01,314.0
1936-10-01,436.0
1936-11-01,527.0
1936-12-01,588.0
1937-01-01,451.0
1937-02-01,369.0
1937-03-01,397.0
1937-04-01,368.0
1937-05-01,274.0
1937-06-01,296.0
1937-07-01,239.0
1937-08-01,225.0
1937-09-01,284.0
1937-10-01,373.0
1937-11-01,443.0
1937-12-01,535.0
1938-01-01,578.0
1938-02-01,375.0
1938-03-01,346.0
1938-04-01,326.0
1938-05-01,350.0
1938-06-01,369.0
1938-07-01,340.0
1938-08-01,348.0
1938-09-01,343.0
1938-10-01,412.0
1938-11-01,511.0
1938-12-01,585.0
1939-01-01,543.0
1939-02-01,383.0
1939-03-01,432.0
1939-04-01,396.0
1939-05-01,461.0
1939-06-01,444.0
1939-07-01,406.0
1939-08-01,386.0
1939-09-01,389.0
1939-10-01,464.0
1939-11-01,577.0
1939-12-01,671.0
1940-01-01,695.0
1940-02-01,549.0
1940-03-01,512.0
1940-04-01,467.0
1940-05-01,509.0
1940-06-01,528.0
1940-07-01,453.0
1940-08-01,417.0
1940-09-01,424.0
1940-10-01,589.0
1940-11-01,699.0
1940-12-01,772.0
1941-01-01,598.0
1941-02-01,506.0
1941-03-01,527.0
1941-04-01,508.0
1941-05-01,532.0
1941-06-01,465.0
1941-07-01,447.0
1941-08-01,415.0
1941-09-01,408.0
1941-10-01,550.0
1941-11-01,607.0
1941-12-01,782.0
1942-01-01,776.0
1942-02-01,520.0
1942-03-01,544.0
1942-04-01,568.0
1942-05-01,597.0
1942-06-01,655.0
1942-07-01,583.0
1942-08-01,496.0
1942-09-01,558.0
1942-10-01,591.0
1942-11-01,722.0
1942-12-01,952.0
1943-01-01,793.0
1943-02-01,638.0
1943-03-01,704.0
1943-04-01,671.0
1943-05-01,771.0
1943-06-01,854.0
1943-07-01,852.0
1943-08-01,703.0
1943-09-01,647.0
1943-10-01,687.0
1943-11-01,954.0
1943-12-01,1034.0
1944-01-01,2392.0
1944-02-01,2187.0
1944-03-01,2099.0
1944-04-01,1815.0
1944-05-01,1901.0
1944-06-01,1773.0
1944-07-01,1445.0
1944-08-01,1330.0
1944-09-01,1181.0
1944-10-01,1364.0
1944-11-01,1673.0
1944-12-01,1798.0
1945-01-01,1798.0
1945-02-01,1204.0
1945-03-01,1247.0
1945-04-01,1123.0
1945-05-01,1211.0
1945-06-01,1219.0
1945-07-01,1085.0
1945-08-01,919.0
1945-09-01,867.0
1945-10-01,1019.0
1945-11-01,1625.0
1945-12-01,1913.0
1946-01-01,1798.0
1946-02-01,1675.0
1946-03-01,1314.0
1946-04-01,1419.0
1946-05-01,1416.0
1946-06-01,865.0
1946-07-01,1571.0
1946-08-01,1027.0
1946-09-01,195.0
1946-10-01,1124.0
1946-11-01,1768.0
1946-12-01,1690.0
1947-01-01,1881.0
1947-02-01,1264.0
1947-03-01,1091.0
1947-04-01,1177.0
1947-05-01,1239.0
1947-06-01,1223.0
1947-07-01,1212.0
1947-08-01,972.0
1947-09-01,967.0
1947-10-01,1240.0
1947-11-01,1691.0
1947-12-01,1933.0
1948-01-01,1675.0
1948-02-01,1210.0
1948-03-01,1178.0
1948-04-01,1102.0
1948-05-01,1168.0
1948-06-01,1425.0
1948-07-01,1054.0
1948-08-01,835.0
1948-09-01,911.0
1948-10-01,1249.0
1948-11-01,1648.0
1948-12-01,1862.0
1949-01-01,1677.0
1949-02-01,1264.0
1949-03-01,1331.0
1949-04-01,1175.0
1949-05-01,1148.0
1949-06-01,1214.0
1949-07-01,1079.0
1949-08-01,1105.0
1949-09-01,1155.0
1949-10-01,1398.0
1949-11-01,1758.0
1949-12-01,1922.0
1950-01-01,1769.0
1950-02-01,1258.0
1950-03-01,1468.0
1950-04-01,1276.0
1950-05-01,1309.0
1950-06-01,1323.0
1950-07-01,1132.0
1950-08-01,1152.0
1950-09-01,1214.0
1950-10-01,1472.0
1950-11-01,1799.0
1950-12-01,2013.0
1951-01-01,1981.0
1951-02-01,1290.0
1951-03-01,1521.0
1951-04-01,1485.0
1951-05-01,1463.0
1951-06-01,1471.0
1951-07-01,1263.0
1951-08-01,1368.0
1951-09-01,1294.0
1951-10-01,1604.0
1951-11-01,1874.0
1951-12-01,1983.0
1952-01-01,2062.0
1952-02-01,1716.0
1952-03-01,1684.0
1952-04-01,1522.0
1952-05-01,1330.0
1952-06-01,1328.0
1952-07-01,1179.0
1952-08-01,1144.0
1952-09-01,1291.0
1952-10-01,1609.0
1952-11-01,1703.0
1952-12-01,2163.0
1953-01-01,1871.0
1953-02-01,1360.0
1953-03-01,1459.0
1953-04-01,1284.0
1953-05-01,1121.0
1953-06-01,1177.0
1953-07-01,1086.0
1953-08-01,1052.0
1953-09-01,1196.0
1953-10-01,1441.0
1953-11-01,1632.0
1953-12-01,1584.0
1954-01-01,1468.0
1954-02-01,1182.0
1954-03-01,1398.0
1954-04-01,1209.0
1954-05-01,1121.0
1954-06-01,1187.0
1954-07-01,1087.0
1954-08-01,1168.0
1954-09-01,1379.0
1954-10-01,1500.0
1954-11-01,1746.0
1954-12-01,1856.0
1955-01-01,1711.0
1955-02-01,1399.0
1955-03-01,1655.0
1955-04-01,1362.0
1955-05-01,1294.0
1955-06-01,1217.0
1955-07-01,1089.0
1955-08-01,1331.0
1955-09-01,1487.0
1955-10-01,1754.0
1955-11-01,1981.0
1955-12-01,2113.0
1956-01-01,1940.0
1956-02-01,1696.0
1956-03-01,1758.0
1956-04-01,1494.0
1956-05-01,1428.0
1956-06-01,1311.0
1956-07-01,1267.0
1956-08-01,1317.0
1956-09-01,1405.0
1956-10-01,1784.0
1956-11-01,1873.0
1956-12-01,1649.0
1957-01-01,1667.0
1957-02-01,1428.0
1957-03-01,1534.0
1957-04-01,1447.0
1957-05-01,1442.0
1957-06-01,1222.0
1957-07-01,1265.0
1957-08-01,1273.0
1957-09-01,1400.0
1957-10-01,1723.0
1957-11-01,1595.0
1957-12-01,1624.0
1958-01-01,892.0
1958-02-01,708.0
1958-03-01,775.0
1958-04-01,806.0
1958-05-01,734.0
1958-06-01,710.0
1958-07-01,714.0
1958-08-01,718.0
1958-09-01,822.0
1958-10-01,932.0
1958-11-01,858.0
1958-12-01,949.0
1959-01-01,965.0
1959-02-01,907.0
1959-03-01,918.0
1959-04-01,920.0
1959-05-01,823.0
1959-06-01,825.0
1959-07-01,842.0
1959-08-01,792.0
1959-09-01,926.0
1959-10-01,1060.0
1959-11-01,1028.0
1959-12-01,1125.0
1960-01-01,1058.0
1960-02-01,940.0
1960-03-01,981.0
1960-04-01,910.0
1960-05-01,905.0
1960-06-01,852.0
1960-07-01,724.0
1960-08-01,850.0
1960-09-01,845.0
1960-10-01,885.0
1960-11-01,956.0
1960-12-01,957.0
1961-01-01,947.0
1961-02-01,823.0
1961-03-01,980.0
1961-04-01,823.0
1961-05-01,923.0
1961-06-01,854.0
1961-07-01,723.0
1961-08-01,842.0
1961-09-01,838.0
1961-10-01,993.0
1961-11-01,1034.0
1961-12-01,950.0
1962-01-01,1017.0
1962-02-01,864.0
1962-03-01,1010.0
1962-04-01,932.0
1962-05-01,964.0
1962-06-01,853.0
1962-07-01,798.0
1962-08-01,867.0
1962-09-01,787.0
1962-10-01,1092.0
1962-11-01,1052.0
1962-12-01,993.0
1963-01-01,1063.0
1963-02-01,922.0
1963-03-01,1056.0
1963-04-01,1037.0
1963-05-01,986.0
1963-06-01,824.0
1963-07-01,850.0
1963-08-01,856.0
1963-09-01,954.0
1963-10-01,1110.0
1963-11-01,1075.0
1963-12-01,1130.0
1964-01-01,1162.0
1964-02-01,973.0
1964-03-01,1052.0
1964-04-01,1073.0
1964-05-01,921.0
1964-06-01,868.0
1964-07-01,853.0
1964-08-01,814.0
1964-09-01,939.0
1964-10-01,1140.0
1964-11-01,1106.0
1964-12-01,1118.0
1965-01-01,1014.0
1965-02-01,872.0
1965-03-01,1075.0
1965-04-01,972.0
1965-05-01,803.0
1965-06-01,804.0
1965-07-01,755.0
1965-08-01,806.0
1965-09-01,917.0
1965-10-01,920.0
1965-11-01,935.0
1965-12-01,863.0
1966-01-01,830.0
1966-02-01,809.0
1966-03-01,1006.0
1966-04-01,923.0
1966-05-01,875.0
1966-06-01,841.0
1966-07-01,747.0
1966-08-01,879.0
1966-09-01,991.0
1966-10-01,1029.0
1966-11-01,1094.0
1966-12-01,1106.0
1967-01-01,1108.0
1967-02-01,980.0
1967-03-01,1136.0
1967-04-01,1020.0
1967-05-01,930.0
1967-06-01,919.0
1967-07-01,838.0
1967-08-01,1009.0
1967-09-01,1046.0
1967-10-01,1154.0
1967-11-01,1142.0
1967-12-01,1095.0
1968-01-01,1150.0
1968-02-01,986.0
1968-03-01,1060.0
1968-04-01,1113.0
1968-05-01,1110.0
1968-06-01,895.0
1968-07-01,943.0
1968-08-01,996.0
1968-09-01,1059.0
1968-10-01,1249.0
1968-11-01,1143.0
1968-12-01,1162.0
1969-01-01,1170.0
1969-02-01,1050.0
1969-03-01,1131.0
1969-04-01,1145.0
1969-05-01,1028.0
1969-06-01,964.0
1969-07-01,970.0
1969-08-01,943.0
1969-09-01,1073.0
1969-10-01,1188.0
1969-11-01,1003.0
1969-12-01,1109.0
1970-01-01,1051.0
1970-02-01,929.0
1970-03-01,1076.0
1970-04-01,1137.0
1970-05-01,1015.0
1970-06-01,981.0
1970-07-01,990.0
1970-08-01,1008.0
1970-09-01,1156.0
1970-10-01,1278.0
1970-11-01,1255.0
1970-12-01,1372.0
1971-01-01,1265.0
1971-02-01,1073.0
1971-03-01,1333.0
1971-04-01,1293.0
1971-05-01,1188.0
1971-06-01,1197.0
1971-07-01,1057.0
1971-08-01,1150.0
1971-09-01,1234.0
1971-10-01,1213.0
1971-11-01,1296.0
1971-12-01,1307.0
1972-01-01,1105.0
1972-02-01,1078.0
1972-03-01,1320.0
1972-04-01,1139.0
1972-05-01,1160.0
1972-06-01,1087.0
1972-07-01,902.0
1972-08-01,1089.0
1972-09-01,1073.0
1972-10-01,1202.0
1972-11-01,1218.0
1972-12-01,1087.0
1973-01-01,1149.0
1973-02-01,979.0
1973-03-01,1134.0
1973-04-01,1033.0
1973-05-01,1150.0
1973-06-01,995.0
1973-07-01,889.0
1973-08-01,973.0
1973-09-01,929.0
1973-10-01,1152.0
1973-11-01,1137.0
1973-12-01,1058.0
1974-01-01,1212.0
1974-02-01,999.0
1974-03-01,1167.0
1974-04-01,1225.0
1974-05-01,1256.0
1974-06-01,1050.0
1974-07-01,1015.0
1974-08-01,1100.0
1974-09-01,1127.0
1974-10-01,1217.0
1974-11-01,1123.0
1974-12-01,1091.0
1975-01-01,1114.0
1975-02-01,954.0
1975-03-01,976.0
1975-04-01,1100.0
1975-05-01,934.0
1975-06-01,889.0
1975-07-01,817.0
1975-08-01,794.0
1975-09-01,901.0
1975-10-01,936.0
1975-11-01,904.0
1975-12-01,996.0
1976-01-01,953.0
1976-02-01,850.0
1976-03-01,1093.0
1976-04-01,1003.0
1976-05-01,880.0
1976-06-01,899.0
1976-07-01,847.0
1976-08-01,1020.0
1976-09-01,1084.0
1976-10-01,1188.0
1976-11-01,1255.0
1976-12-01,1146.0
1977-01-01,2001.0
1977-02-01,1981.0
1977-03-01,2463.0
1977-04-01,2196.0
1977-05-01,2047.0
1977-06-01,2002.0
1977-07-01,1704.0
1977-08-01,2107.0
1977-09-01,2220.0
1977-10-01,2258.0
1977-11-01,2430.0
1977-12-01,2161.0
1978-01-01,2057.0
1978-02-01,1985.0
1978-03-01,2314.0
1978-04-01,2146.0
1978-05-01,2208.0
1978-06-01,2054.0
1978-07-01,1890.0
1978-08-01,2161.0
1978-09-01,2152.0
1978-10-01,2309.0
1978-11-01,2421.0
1978-12-01,2201.0
1979-01-01,2240.0
1979-02-01,1958.0
1979-03-01,2452.0
1979-04-01,2427.0
1979-05-01,2569.0
1979-06-01,2379.0
1979-07-01,2396.0
1979-08-01,2653.0
1979-09-01,2363.0
1979-10-01,3043.0
1979-11-01,2873.0
1979-12-01,2586.0
1980-01-01,2836.0
1980-02-01,2522.0
1980-03-01,2718.0
1980-04-01,2963.0
1980-05-01,2882.0
1980-06-01,2569.0
1980-07-01,2413.0
1980-08-01,2331.0
1980-09-01,2620.0
1980-10-01,2914.0
1980-11-01,2620.0
1980-12-01,2786.0
1981-01-01,2772.0
1981-02-01,2418.0
1981-03-01,2791.0
1981-04-01,2796.0
1981-05-01,2461.0
1981-06-01,2357.0
1981-07-01,2281.0
1981-08-01,2270.0
1981-09-01,2528.0
1981-10-01,2738.0
1981-11-01,2590.0
1981-12-01,2830.0
1982-01-01,0.0
1982-02-01,0.0
1982-03-01,7253.0
1982-04-01,0.0
1982-05-01,0.0
1982-06-01,6993.0
1982-07-01,0.0
1982-08-01,0.0
1982-09-01,6379.0
1982-10-01,0.0
1982-11-01,0.0
1982-12-01,7153.0
1983-01-01,2278.0
1983-02-01,2009.0
1983-03-01,2568.0
1983-04-01,2489.0
1983-05-01,2451.0
1983-06-01,2496.0
1983-07-01,2237.0
1983-08-01,2463.0
1983-09-01,2509.0
1983-10-01,2735.0
1983-11-01,2889.0
1983-12-01,2651.0
1984-01-01,2429.0
1984-02-01,2294.0
1984-03-01,2639.0
1984-04-01,2433.0
1984-05-01,2527.0
1984-06-01,2279.0
1984-07-01,2050.0
1984-08-01,2315.0
1984-09-01,2245.0
1984-10-01,2783.0
1984-11-01,2612.0
1984-12-01,2397.0
1985-01-01,2524.0
1985-02-01,2179.0
1985-03-01,2430.0
1985-04-01,2543.0
1985-05-01,2624.0
1985-06-01,2220.0
1985-07-01,2261.0
1985-08-01,2387.0
1985-09-01,2359.0
1985-10-01,2679.0
1985-11-01,2447.0
1985-12-01,2386.0
1986-01-01,2496.0
1986-02-01,2182.0
1986-03-01,2364.0
1986-04-01,2553.0
1986-05-01,2391.0
1986-06-01,2100.0
1986-07-01,2097.0
1986-08-01,2046.0
1986-09-01,2244.0
1986-10-01,2539.0
1986-11-01,2203.0
1986-12-01,2402.0
1987-01-01,2455.0
1987-02-01,2112.0
1987-03-01,2422.0
1987-04-01,2311.0
1987-05-01,2115.0
1987-06-01,2144.0
1987-07-01,2137.0
1987-08-01,2123.0
1987-09-01,2426.0
1987-10-01,2688.0
1987-11-01,2590.0
1987-12-01,2742.0
1988-01-01,2458.0
1988-02-01,2340.0
1988-03-01,2694.0
1988-04-01,2499.0
1988-05-01,2434.0
1988-06-01,2436.0
1988-07-01,2238.0
1988-08-01,2533.0
1988-09-01,2690.0
1988-10-01,2852.0
1988-11-01,2888.0
1988-12-01,2810.0
1989-01-01,2581.0
1989-02-01,2380.0
1989-03-01,2715.0
1989-04-01,2614.0
1989-05-01,2649.0
1989-06-01,2501.0
1989-07-01,2189.0
1989-08-01,2635.0
1989-09-01,2667.0
1989-10-01,2808.0
1989-11-01,2856.0
1989-12-01,2540.0
1990-01-01,2693.0
1990-02-01,2397.0
1990-03-01,2629.0
1990-04-01,2468.0
1990-05-01,2486.0
1990-06-01,2258.0
1990-07-01,2179.0
1990-08-01,2588.0
1990-09-01,2427.0
1990-10-01,2749.0
1990-11-01,2713.0
1990-12-01,2648.0
1991-01-01,2759.0
1991-02-01,2380.0
1991-03-01,2572.0
1991-04-01,2693.0
1991-05-01,2553.0
1991-06-01,2254.0
1991-07-01,2386.0
1991-08-01,2569.0
1991-09-01,2602.0
1991-10-01,3036.0
1991-11-01,2880.0
1991-12-01,2853.0
1992-01-01,3016.0
1992-02-01,2629.0
1992-03-01,2903.0
1992-04-01,2799.0
1992-05-01,2548.0
1992-06-01,2635.0
1992-07-01,2721.0
1992-08-01,2726.0
1992-09-01,2989.0
1992-10-01,3145.0
1992-11-01,2878.0
1992-12-01,3013.0
1993-01-01,2840.0
1993-02-01,2551.0
1993-03-01,2931.0
1993-04-01,2903.0
1993-05-01,2592.0
1993-06-01,2727.0
1993-07-01,2595.0
1993-08-01,2749.0
1993-09-01,2850.0
1993-10-01,2915.0
1993-11-01,2987.0
1993-12-01,3074.0
1994-01-01,2722.0
1994-02-01,2524.0
1994-03-01,3030.0
1994-04-01,2836.0
1994-05-01,2765.0
1994-06-01,2794.0
1994-07-01,2563.0
1994-08-01,2955.0
1994-09-01,3047.0
1994-10-01,3227.0
1994-11-01,3243.0
1994-12-01,3245.0
1995-01-01,2966.0
1995-02-01,2680.0
1995-03-01,3239.0
1995-04-01,2781.0
1995-05-01,3020.0
1995-06-01,2901.0
1995-07-01,2573.0
1995-08-01,2979.0
1995-09-01,2849.0
1995-10-01,3119.0
1995-11-01,3188.0
1995-12-01,2984.0
1996-01-01,3073.0
1996-02-01,2808.0
1996-03-01,2818.0
1996-04-01,2945.0
1996-05-01,2802.0
1996-06-01,2390.0
1996-07-01,2656.0
1996-08-01,2763.0
1996-09-01,2791.0
1996-10-01,3154.0
1996-11-01,2834.0
1996-12-01,2831.0
1997-01-01,2898.0
1997-02-01,2595.0
1997-03-01,2820.0
1997-04-01,2870.0
1997-05-01,2643.0
1997-06-01,2602.0
1997-07-01,2685.0
1997-08-01,2680.0
1997-09-01,2956.0
1997-10-01,3279.0
1997-11-01,2922.0
1997-12-01,3255.0
1998-01-01,3246.0
1998-02-01,2894.0
1998-03-01,3168.0
1998-04-01,3111.0
1998-05-01,2817.0
1998-06-01,2866.0
1998-07-01,3035.0
1998-08-01,2986.0
1998-09-01,3156.0
1998-10-01,3488.0
1998-11-01,3340.0
1998-12-01,3565.0
1999-01-01,3225.0
1999-02-01,2974.0
1999-03-01,3444.0
1999-04-01,3233.0
1999-05-01,2813.0
1999-06-01,3144.0
1999-07-01,2958.0
1999-08-01,3105.0
1999-09-01,3212.0
1999-10-01,3373.0
1999-11-01,3390.0
1999-12-01,3384.0
2000-01-01,3122.0
2000-02-01,3095.0
2000-03-01,3387.0
2000-04-01,2776.0
2000-05-01,3062.0
2000-06-01,3055.0
2000-07-01,2798.0
2000-08-01,3263.0
2000-09-01,3087.0
2000-10-01,3411.0
2000-11-01,3407.0
2000-12-01,3136.0
2001-01-01,3365.0
2001-02-01,2953.0
2001-03-01,3232.0
2001-04-01,3047.0
2001-05-01,3090.0
2001-06-01,2897.0
2001-07-01,2851.0
2001-08-01,3179.0
2001-09-01,3005.0
2001-10-01,3656.0
2001-11-01,3448.0
2001-12-01,3316.0
2002-01-01,3415.0
2002-02-01,2947.0
2002-03-01,3144.0
2002-04-01,3326.0
2002-05-01,3274.0
2002-06-01,2940.0
2002-07-01,3095.0
2002-08-01,3254.0
2002-09-01,3255.0
2002-10-01,3641.0
2002-11-01,3400.0
2002-12-01,3409.0
2003-01-01,3486.0
2003-02-01,3029.0
2003-03-01,3229.0
2003-04-01,3301.0
2003-05-01,3086.0
2003-06-01,3046.0
2003-07-01,3142.0
2003-08-01,3100.0
2003-09-01,3318.0
2003-10-01,3806.0
2003-11-01,3421.0
2003-12-01,3720.0
2004-01-01,3501.0
2004-02-01,3128.0
2004-03-01,3586.0
2004-04-01,3436.0
2004-05-01,2986.0
2004-06-01,3329.0
2004-07-01,3138.0
2004-08-01,3380.0
2004-09-01,3527.0
2004-10-01,3543.0
2004-11-01,3583.0
2004-12-01,3697.0
2005-01-01,3396.3
2005-02-01,3245.2
2005-03-01,3591.4
2005-04-01,3394.0
2005-05-01,3207.1000000000004
2005-06-01,3399.4
2005-07-01,2996.9
2005-08-01,3486.7
2005-09-01,3470.6
2005-10-01,3617.1000000000004
2005-11-01,3670.1000000000004
2005-12-01,3716.6
2006-01-01,3627.0
2006-02-01,3260.6
2006-03-01,3739.7
2006-04-01,3223.8
2006-05-01,3437.7
2006-06-01,3312.5
2006-07-01,3092.7
2006-08-01,3543.0
2006-09-01,3491.5
2006-10-01,3848.4
2006-11-01,3777.3
2006-12-01,3576.9
2007-01-01,3782.8
2007-02-01,3259.5
2007-03-01,3707.5
2007-04-01,3409.5
2007-05-01,3511.8999999999996
2007-06-01,3295.3
2007-07-01,3304.4
2007-08-01,3683.6
2007-09-01,3477.1
2007-10-01,4273.0
2007-11-01,4075.9
2007-12-01,3930.1000000000004
2008-01-01,4302.5
2008-02-01,3791.2
2008-03-01,3909.7
2008-04-01,4016.1
2008-05-01,3617.2
2008-06-01,3509.7
2008-07-01,3689.9
2008-08-01,3591.8
2008-09-01,3935.8999999999996
2008-10-01,4304.0
2008-11-01,3759.8
2008-12-01,4088.8999999999996
2009-01-01,4039.9
2009-02-01,3620.8
2009-03-01,3924.9
2009-04-01,3835.8
2009-05-01,3421.3999999999996
2009-06-01,3681.9
2009-07-01,3642.6
2009-08-01,3722.4
2009-09-01,3988.5
2009-10-01,4162.6
2009-11-01,3830.1000000000004
2009-12-01,3954.8999999999996
2010-01-01,3607.5
2010-02-01,3502.5
2010-03-01,4065.2
2010-04-01,3685.0
2010-05-01,3230.0
2010-06-01,3650.4
2010-07-01,3392.0
2010-08-01,3616.2
2010-09-01,3751.3
2010-10-01,3991.5
2010-11-01,4123.0
2010-12-01,4096.5
2011-01-01,3780.4
2011-02-01,3524.2
2011-03-01,4094.5
2011-04-01,3569.3
2011-05-01,3507.0
2011-06-01,3627.1
2011-07-01,3262.3999999999996
2011-08-01,3768.3
2011-09-01,3893.6000000000004
2011-10-01,4052.0
2011-11-01,4160.299999999999
2011-12-01,4118.2
2012-01-01,3961.3999999999996
2012-02-01,3753.1
2012-03-01,3962.8
2012-04-01,3671.1000000000004
2012-05-01,3840.7
2012-06-01,3489.0
2012-07-01,3430.6000000000004
2012-08-01,3981.1
2012-09-01,3808.1000000000004
2012-10-01,4405.6
2012-11-01,4144.299999999999
2012-12-01,3894.7
2013-01-01,4117.0
2013-02-01,3545.1000000000004
2013-03-01,3852.4
2013-04-01,3869.7
2013-05-01,3786.7
2013-06-01,3341.3999999999996
2013-07-01,3667.3999999999996
2013-08-01,3862.5
2013-09-01,3673.0
2013-10-01,4323.7
2013-11-01,4068.8
2013-12-01,4119.3
2014-01-01,4160.0
2014-02-01,3677.9
2014-03-01,3698.1000000000004
2014-04-01,3810.4
2014-05-01,3708.1
2014-06-01,3457.9
2014-07-01,3588.1
2014-08-01,3492.4
2014-09-01,3731.9
2014-10-01,4240.1
2014-11-01,3770.6000000000004
2014-12-01,4217.4
2015-01-01,4198.0
2015-02-01,3879.8
2015-03-01,4210.9
2015-04-01,4121.9
2015-05-01,3713.2
2015-06-01,3980.4
2015-07-01,3933.4
2015-08-01,3884.8999999999996
2015-09-01,4058.0
2015-10-01,4324.7
2015-11-01,4149.700000000001
2015-12-01,4401.7
2016-01-01,4156.9
2016-02-01,3989.6000000000004
2016-03-01,4277.0
2016-04-01,3988.5
2016-05-01,3885.9
2016-06-01,4015.5
2016-07-01,3637.2
2016-08-01,4284.1
2016-09-01,4239.0
2016-10-01,4382.3
2016-11-01,4468.5
2016-12-01,4405.5
2017-01-01,4296.9
2017-02-01,3963.8999999999996
2017-03-01,4522.2
2017-04-01,3965.1000000000004
2017-05-01,4179.700000000001
2017-06-01,4095.3999999999996
2017-07-01,3718.1000000000004
2017-08-01,4406.6
2017-09-01,4316.1
2017-10-01,4619.0
2017-11-01,4478.3
2017-12-01,4459.1
2018-01-01,4568.799999999999
2018-02-01,4105.2
2018-03-01,4582.0
2018-04-01,4273.3
2018-05-01,4338.4
2018-06-01,4007.3
2018-07-01,3959.4
2018-08-01,4618.8
2018-09-01,4013.3
2018-10-01,4887.1
2018-11-01,4685.4
2018-12-01,4452.6
2019-01-01,4736.4
2019-02-01,4324.8
2019-03-01,4583.4
2019-04-01,4526.9
2019-05-01,4427.8
2019-06-01,4246.1
2019-07-01,4409.9
2019-08-01,4503.1
2019-09-01,4462.5
2019-10-01,5199.8
2019-11-01,4847.6
2019-12-01,4875.9
2020-01-01,5096.4
2020-02-01,4603.200000000001
2020-03-01,5121.7
2020-04-01,4051.0
2020-05-01,3746.3
2020-06-01,4787.0
2020-07-01,4729.700000000001
2020-08-01,4667.8
2020-09-01,4658.5
2020-10-01,5184.4
2020-11-01,4801.299999999999
2020-12-01,5009.700000000001
2021-01-01,4943.799999999999
2021-02-01,4520.7
2021-03-01,5085.0
2021-04-01,4676.8
2021-05-01,4129.9
2021-06-01,4498.1
2021-07-01,4088.9
2021-08-01,4415.7
2021-09-01,4519.6
2021-10-01,4732.1
2021-11-01,4806.6
2021-12-01,4797.9
2022-01-01,4550.9
2022-02-01,4327.0
2022-03-01,4901.4
2022-04-01,4393.3
2022-05-01,4353.5
2022-06-01,4500.7
2022-07-01,3931.1
2022-08-01,4594.9
2022-09-01,4507.1
2022-10-01,4664.700000000001
2022-11-01,4691.1
2022-12-01,4450.5
2023-01-01,4840.9
2023-02-01,4305.3
2023-03-01,4966.5
2023-04-01,4229.700000000001
2023-05-01,4532.700000000001
2023-06-01,4393.5
2023-07-01,4003.6
2023-08-01,4577.4
2023-09-01,4361.7
2023-10-01,4824.7
2023-11-01,4765.6
2023-12-01,4674.4
