,Beef_Production,Veal_Production,Pork_Production,Lamb and Mutton_Production,Broilers_Production,Other Chicken_Production,Turkey_Production,Coffee_value,Sugar_value
1921-01-01,358.0,27.0,565.0,44.0,0.0,,393.0,,
1921-02-01,279.0,24.0,484.0,39.0,0.0,0.0,0.0,,
1921-03-01,340.0,31.0,372.0,45.0,0.0,0.0,0.0,,
1921-04-01,316.0,29.0,374.0,41.0,0.0,0.0,0.0,,
1921-05-01,319.0,31.0,396.0,37.0,0.0,0.0,0.0,,
1921-06-01,356.0,34.0,439.0,39.0,0.0,0.0,0.0,,
1921-07-01,314.0,32.0,375.0,35.0,0.0,0.0,0.0,,
1921-08-01,371.0,33.0,319.0,44.0,0.0,0.0,0.0,,
1921-09-01,370.0,36.0,303.0,45.0,0.0,0.0,0.0,,
1921-10-01,391.0,33.0,350.0,48.0,0.0,0.0,0.0,,
1921-11-01,360.0,29.0,409.0,40.0,0.0,0.0,0.0,,
1921-12-01,312.0,26.0,453.0,35.0,0.0,0.0,0.0,,
1922-01-01,353.0,26.0,486.0,37.0,0.0,0.0,0.0,,
1922-02-01,309.0,25.0,414.0,31.0,0.0,0.0,0.0,,
1922-03-01,373.0,32.0,396.0,34.0,0.0,0.0,0.0,,
1922-04-01,332.0,28.0,353.0,29.0,0.0,0.0,0.0,,
1922-05-01,391.0,33.0,450.0,33.0,0.0,0.0,0.0,,
1922-06-01,393.0,34.0,509.0,36.0,0.0,0.0,0.0,,
1922-07-01,373.0,32.0,404.0,34.0,0.0,0.0,0.0,,
1922-08-01,398.0,38.0,377.0,37.0,0.0,0.0,0.0,,
1922-09-01,407.0,39.0,341.0,38.0,0.0,0.0,0.0,,
1922-10-01,439.0,40.0,398.0,38.0,0.0,0.0,0.0,,
1922-11-01,417.0,37.0,510.0,35.0,0.0,0.0,0.0,,
1922-12-01,389.0,31.0,632.0,35.0,0.0,0.0,0.0,,
1923-01-01,391.0,35.0,646.0,43.0,0.0,0.0,0.0,,
1923-02-01,335.0,29.0,530.0,35.0,0.0,0.0,0.0,,
1923-03-01,366.0,32.0,591.0,39.0,0.0,0.0,0.0,,
1923-04-01,372.0,33.0,511.0,38.0,0.0,0.0,0.0,,
1923-05-01,401.0,38.0,509.0,37.0,0.0,0.0,0.0,,
1923-06-01,379.0,36.0,515.0,34.0,0.0,0.0,0.0,,
1923-07-01,367.0,38.0,488.0,35.0,0.0,0.0,0.0,,
1923-08-01,411.0,44.0,443.0,35.0,0.0,0.0,0.0,,
1923-09-01,403.0,38.0,394.0,37.0,0.0,0.0,0.0,,
1923-10-01,468.0,46.0,522.0,40.0,0.0,0.0,0.0,,
1923-11-01,420.0,40.0,645.0,35.0,0.0,0.0,0.0,,
1923-12-01,373.0,34.0,698.0,38.0,0.0,0.0,0.0,,
1924-01-01,413.0,39.0,680.0,43.0,0.0,0.0,0.0,,
1924-02-01,345.0,32.0,586.0,36.0,0.0,0.0,0.0,,
1924-03-01,344.0,35.0,519.0,35.0,0.0,0.0,0.0,,
1924-04-01,357.0,41.0,470.0,34.0,0.0,0.0,0.0,,
1924-05-01,401.0,45.0,493.0,37.0,0.0,0.0,0.0,,
1924-06-01,347.0,39.0,504.0,35.0,0.0,0.0,0.0,,
1924-07-01,392.0,43.0,503.0,38.0,0.0,0.0,0.0,,
1924-08-01,404.0,41.0,386.0,39.0,0.0,0.0,0.0,,
1924-09-01,434.0,47.0,355.0,43.0,0.0,0.0,0.0,,
1924-10-01,494.0,51.0,416.0,44.0,0.0,0.0,0.0,,
1924-11-01,448.0,42.0,540.0,37.0,0.0,0.0,0.0,,
1924-12-01,450.0,43.0,746.0,38.0,0.0,0.0,0.0,,
1925-01-01,441.0,40.0,681.0,40.0,0.0,0.0,0.0,,
1925-02-01,342.0,36.0,511.0,35.0,0.0,0.0,0.0,,
1925-03-01,382.0,43.0,393.0,41.0,0.0,0.0,0.0,,
1925-04-01,389.0,42.0,374.0,41.0,0.0,0.0,0.0,,
1925-05-01,393.0,43.0,399.0,41.0,0.0,0.0,0.0,,
1925-06-01,373.0,45.0,475.0,36.0,0.0,0.0,0.0,,
1925-07-01,429.0,49.0,380.0,39.0,0.0,0.0,0.0,,
1925-08-01,396.0,49.0,341.0,39.0,0.0,0.0,0.0,,
1925-09-01,420.0,47.0,342.0,41.0,0.0,0.0,0.0,,
1925-10-01,513.0,56.0,424.0,42.0,0.0,0.0,0.0,,
1925-11-01,407.0,44.0,453.0,34.0,0.0,0.0,0.0,,
1925-12-01,454.0,46.0,564.0,39.0,0.0,0.0,0.0,,
1926-01-01,415.0,43.0,577.0,43.0,0.0,0.0,0.0,,
1926-02-01,359.0,37.0,427.0,41.0,0.0,0.0,0.0,,
1926-03-01,408.0,43.0,448.0,48.0,0.0,0.0,0.0,,
1926-04-01,408.0,43.0,399.0,40.0,0.0,0.0,0.0,,
1926-05-01,415.0,43.0,400.0,37.0,0.0,0.0,0.0,,
1926-06-01,448.0,48.0,460.0,40.0,0.0,0.0,0.0,,
1926-07-01,448.0,46.0,438.0,38.0,0.0,0.0,0.0,,
1926-08-01,419.0,43.0,403.0,40.0,0.0,0.0,0.0,,
1926-09-01,493.0,48.0,344.0,46.0,0.0,0.0,0.0,,
1926-10-01,496.0,50.0,356.0,44.0,0.0,0.0,0.0,,
1926-11-01,466.0,47.0,423.0,40.0,0.0,0.0,0.0,,
1926-12-01,452.0,42.0,530.0,45.0,0.0,0.0,0.0,,
1927-01-01,404.0,40.0,573.0,44.0,0.0,0.0,0.0,,
1927-02-01,364.0,37.0,445.0,41.0,0.0,0.0,0.0,,
1927-03-01,393.0,43.0,504.0,42.0,0.0,0.0,0.0,,
1927-04-01,381.0,41.0,430.0,38.0,0.0,0.0,0.0,,
1927-05-01,405.0,44.0,487.0,38.0,0.0,0.0,0.0,,
1927-06-01,406.0,43.0,552.0,39.0,0.0,0.0,0.0,,
1927-07-01,380.0,37.0,461.0,38.0,0.0,0.0,0.0,,
1927-08-01,422.0,44.0,420.0,45.0,0.0,0.0,0.0,,
1927-09-01,413.0,41.0,336.0,45.0,0.0,0.0,0.0,,
1927-10-01,431.0,44.0,370.0,46.0,0.0,0.0,0.0,,
1927-11-01,418.0,42.0,446.0,42.0,0.0,0.0,0.0,,
1927-12-01,367.0,37.0,582.0,45.0,0.0,0.0,0.0,,
1928-01-01,351.0,36.0,675.0,47.0,0.0,0.0,0.0,,
1928-02-01,335.0,36.0,721.0,44.0,0.0,0.0,0.0,,
1928-03-01,342.0,36.0,625.0,42.0,0.0,0.0,0.0,,
1928-04-01,325.0,37.0,412.0,36.0,0.0,0.0,0.0,,
1928-05-01,380.0,43.0,481.0,38.0,0.0,0.0,0.0,,
1928-06-01,368.0,38.0,505.0,41.0,0.0,0.0,0.0,,
1928-07-01,338.0,38.0,389.0,39.0,0.0,0.0,0.0,,
1928-08-01,357.0,41.0,340.0,45.0,0.0,0.0,0.0,,
1928-09-01,378.0,41.0,324.0,49.0,0.0,0.0,0.0,,
1928-10-01,387.0,44.0,468.0,54.0,0.0,0.0,0.0,,
1928-11-01,370.0,40.0,548.0,46.0,0.0,0.0,0.0,,
1928-12-01,333.0,33.0,701.0,41.0,0.0,0.0,0.0,,
1929-01-01,383.0,37.0,683.0,45.0,0.0,0.0,0.0,,
1929-02-01,299.0,30.0,545.0,38.0,0.0,0.0,0.0,,
1929-03-01,335.0,37.0,453.0,41.0,0.0,0.0,0.0,,
1929-04-01,353.0,40.0,467.0,45.0,0.0,0.0,0.0,,
1929-05-01,353.0,39.0,472.0,46.0,0.0,0.0,0.0,,
1929-06-01,330.0,35.0,476.0,42.0,0.0,0.0,0.0,,
1929-07-01,364.0,39.0,485.0,47.0,0.0,0.0,0.0,,
1929-08-01,367.0,40.0,420.0,49.0,0.0,0.0,0.0,,
1929-09-01,378.0,42.0,397.0,50.0,0.0,0.0,0.0,,
1929-10-01,416.0,43.0,475.0,53.0,0.0,0.0,0.0,,
1929-11-01,361.0,38.0,540.0,45.0,0.0,0.0,0.0,,
1929-12-01,336.0,34.0,610.0,44.0,0.0,0.0,0.0,,
1930-01-01,371.0,37.0,632.0,50.0,0.0,0.0,0.0,,
1930-02-01,296.0,31.0,503.0,50.0,0.0,0.0,0.0,,
1930-03-01,322.0,36.0,421.0,56.0,0.0,0.0,0.0,,
1930-04-01,333.0,41.0,434.0,56.0,0.0,0.0,0.0,,
1930-05-01,362.0,40.0,480.0,53.0,0.0,0.0,0.0,,
1930-06-01,339.0,36.0,482.0,48.0,0.0,0.0,0.0,,
1930-07-01,372.0,40.0,438.0,52.0,0.0,0.0,0.0,,
1930-08-01,363.0,40.0,366.0,52.0,0.0,0.0,0.0,,
1930-09-01,394.0,41.0,352.0,59.0,0.0,0.0,0.0,,
1930-10-01,424.0,45.0,436.0,65.0,0.0,0.0,0.0,,
1930-11-01,309.0,33.0,502.0,51.0,0.0,0.0,0.0,,
1930-12-01,360.0,39.0,592.0,56.0,0.0,0.0,0.0,,
1931-01-01,344.0,38.0,708.0,58.0,0.0,0.0,0.0,,
1931-02-01,296.0,34.0,530.0,51.0,0.0,0.0,0.0,,
1931-03-01,336.0,38.0,457.0,54.0,0.0,0.0,0.0,,
1931-04-01,369.0,44.0,448.0,59.0,0.0,0.0,0.0,,
1931-05-01,378.0,42.0,432.0,54.0,0.0,0.0,0.0,,
1931-06-01,358.0,43.0,429.0,56.0,0.0,0.0,0.0,,
1931-07-01,375.0,37.0,383.0,54.0,0.0,0.0,0.0,,
1931-08-01,392.0,39.0,332.0,58.0,0.0,0.0,0.0,,
1931-09-01,358.0,43.0,370.0,61.0,0.0,0.0,0.0,,
1931-10-01,404.0,43.0,452.0,67.0,0.0,0.0,0.0,,
1931-11-01,314.0,36.0,506.0,57.0,0.0,0.0,0.0,,
1931-12-01,355.0,39.0,661.0,60.0,0.0,0.0,0.0,,
1932-01-01,341.0,36.0,626.0,64.0,0.0,0.0,0.0,,
1932-02-01,305.0,35.0,563.0,56.0,0.0,0.0,0.0,,
1932-03-01,327.0,39.0,452.0,56.0,0.0,0.0,0.0,,
1932-04-01,340.0,40.0,468.0,59.0,0.0,0.0,0.0,,
1932-05-01,324.0,39.0,488.0,55.0,0.0,0.0,0.0,,
1932-06-01,329.0,40.0,405.0,55.0,0.0,0.0,0.0,,
1932-07-01,317.0,33.0,368.0,50.0,0.0,0.0,0.0,,
1932-08-01,322.0,38.0,396.0,59.0,0.0,0.0,0.0,,
1932-09-01,364.0,40.0,427.0,63.0,0.0,0.0,0.0,,
1932-10-01,349.0,41.0,454.0,61.0,0.0,0.0,0.0,,
1932-11-01,322.0,40.0,468.0,53.0,0.0,0.0,0.0,,
1932-12-01,299.0,33.0,566.0,50.0,0.0,0.0,0.0,,
1933-01-01,330.0,35.0,580.0,54.0,0.0,0.0,0.0,,
1933-02-01,308.0,31.0,449.0,51.0,0.0,0.0,0.0,,
1933-03-01,333.0,38.0,450.0,58.0,0.0,0.0,0.0,,
1933-04-01,333.0,40.0,487.0,56.0,0.0,0.0,0.0,,
1933-05-01,384.0,46.0,537.0,58.0,0.0,0.0,0.0,,
1933-06-01,392.0,45.0,589.0,55.0,0.0,0.0,0.0,,
1933-07-01,385.0,42.0,505.0,51.0,0.0,0.0,0.0,,
1933-08-01,430.0,45.0,455.0,57.0,0.0,0.0,0.0,,
1933-09-01,422.0,44.0,392.0,61.0,0.0,0.0,0.0,,
1933-10-01,444.0,51.0,384.0,64.0,0.0,0.0,0.0,,
1933-11-01,400.0,45.0,557.0,53.0,0.0,0.0,0.0,,
1933-12-01,382.0,42.0,546.0,56.0,0.0,0.0,0.0,,
1934-01-01,445.0,48.0,658.0,57.0,0.0,0.0,0.0,,
1934-02-01,388.0,43.0,415.0,48.0,0.0,0.0,0.0,,
1934-03-01,403.0,51.0,373.0,51.0,0.0,0.0,0.0,,
1934-04-01,388.0,50.0,418.0,47.0,0.0,0.0,0.0,,
1934-05-01,434.0,60.0,512.0,47.0,0.0,0.0,0.0,,
1934-06-01,408.0,55.0,463.0,46.0,0.0,0.0,0.0,,
1934-07-01,388.0,55.0,428.0,48.0,0.0,0.0,0.0,,
1934-08-01,411.0,57.0,345.0,57.0,0.0,0.0,0.0,,
1934-09-01,416.0,54.0,332.0,56.0,0.0,0.0,0.0,,
1934-10-01,470.0,65.0,440.0,64.0,0.0,0.0,0.0,,
1934-11-01,426.0,55.0,521.0,52.0,0.0,0.0,0.0,,
1934-12-01,382.0,48.0,491.0,51.0,0.0,0.0,0.0,,
1935-01-01,395.0,51.0,377.0,53.0,0.0,0.0,0.0,,
1935-02-01,307.0,38.0,302.0,46.0,0.0,0.0,0.0,,
1935-03-01,326.0,46.0,275.0,56.0,0.0,0.0,0.0,,
1935-04-01,325.0,50.0,284.0,61.0,0.0,0.0,0.0,,
1935-05-01,353.0,51.0,293.0,65.0,0.0,0.0,0.0,,
1935-06-01,321.0,46.0,254.0,56.0,0.0,0.0,0.0,,
1935-07-01,355.0,50.0,252.0,60.0,0.0,0.0,0.0,,
1935-08-01,411.0,52.0,233.0,64.0,0.0,0.0,0.0,,
1935-09-01,414.0,52.0,203.0,60.0,0.0,0.0,0.0,,
1935-10-01,498.0,61.0,297.0,70.0,0.0,0.0,0.0,,
1935-11-01,439.0,53.0,330.0,56.0,0.0,0.0,0.0,,
1935-12-01,420.0,52.0,393.0,55.0,0.0,0.0,0.0,,
1936-01-01,434.0,51.0,463.0,64.0,0.0,0.0,0.0,,
1936-02-01,359.0,44.0,299.0,55.0,0.0,0.0,0.0,,
1936-03-01,378.0,47.0,350.0,58.0,0.0,0.0,0.0,,
1936-04-01,409.0,50.0,343.0,52.0,0.0,0.0,0.0,,
1936-05-01,404.0,49.0,339.0,47.0,0.0,0.0,0.0,,
1936-06-01,432.0,54.0,379.0,48.0,0.0,0.0,0.0,,
1936-07-01,463.0,55.0,384.0,50.0,0.0,0.0,0.0,,
1936-08-01,483.0,59.0,315.0,52.0,0.0,0.0,0.0,,
1936-09-01,508.0,64.0,314.0,61.0,0.0,0.0,0.0,,
1936-10-01,526.0,69.0,436.0,68.0,0.0,0.0,0.0,,
1936-11-01,456.0,55.0,527.0,61.0,0.0,0.0,0.0,,
1936-12-01,465.0,57.0,588.0,65.0,0.0,0.0,0.0,,
1937-01-01,416.0,53.0,451.0,70.0,0.0,0.0,0.0,,
1937-02-01,341.0,44.0,369.0,54.0,0.0,0.0,0.0,,
1937-03-01,397.0,57.0,397.0,54.0,0.0,0.0,0.0,,
1937-04-01,388.0,56.0,368.0,54.0,0.0,0.0,0.0,,
1937-05-01,356.0,56.0,274.0,54.0,0.0,0.0,0.0,,
1937-06-01,397.0,60.0,296.0,54.0,0.0,0.0,0.0,,
1937-07-01,365.0,56.0,239.0,53.0,0.0,0.0,0.0,,
1937-08-01,397.0,62.0,225.0,58.0,0.0,0.0,0.0,,
1937-09-01,421.0,65.0,284.0,64.0,0.0,0.0,0.0,,
1937-10-01,427.0,62.0,373.0,59.0,0.0,0.0,0.0,,
1937-11-01,387.0,54.0,443.0,52.0,0.0,0.0,0.0,,
1937-12-01,407.0,50.0,535.0,58.0,0.0,0.0,0.0,,
1938-01-01,406.0,46.0,578.0,65.0,0.0,0.0,0.0,,
1938-02-01,359.0,40.0,375.0,60.0,0.0,0.0,0.0,,
1938-03-01,405.0,49.0,346.0,60.0,0.0,0.0,0.0,,
1938-04-01,377.0,47.0,326.0,58.0,0.0,0.0,0.0,,
1938-05-01,388.0,50.0,350.0,62.0,0.0,0.0,0.0,,
1938-06-01,401.0,49.0,369.0,56.0,0.0,0.0,0.0,,
1938-07-01,397.0,47.0,340.0,55.0,0.0,0.0,0.0,,
1938-08-01,410.0,53.0,348.0,62.0,0.0,0.0,0.0,,
1938-09-01,443.0,53.0,343.0,66.0,0.0,0.0,0.0,,
1938-10-01,423.0,54.0,412.0,64.0,0.0,0.0,0.0,,
1938-11-01,417.0,51.0,511.0,57.0,0.0,0.0,0.0,,
1938-12-01,373.0,43.0,585.0,55.0,0.0,0.0,0.0,,
1939-01-01,384.0,42.0,543.0,61.0,0.0,0.0,0.0,,
1939-02-01,330.0,38.0,383.0,58.0,0.0,0.0,0.0,,
1939-03-01,394.0,45.0,432.0,63.0,0.0,0.0,0.0,,
1939-04-01,347.0,43.0,396.0,51.0,0.0,0.0,0.0,,
1939-05-01,415.0,51.0,461.0,55.0,0.0,0.0,0.0,,
1939-06-01,397.0,47.0,444.0,53.0,0.0,0.0,0.0,,
1939-07-01,399.0,47.0,406.0,53.0,0.0,0.0,0.0,,
1939-08-01,421.0,48.0,386.0,57.0,0.0,0.0,0.0,,
1939-09-01,445.0,50.0,389.0,63.0,0.0,0.0,0.0,,
1939-10-01,444.0,55.0,464.0,62.0,0.0,0.0,0.0,,
1939-11-01,422.0,50.0,577.0,59.0,0.0,0.0,0.0,,
1939-12-01,405.0,40.0,671.0,58.0,0.0,0.0,0.0,,
1940-01-01,431.0,44.0,695.0,67.0,0.0,0.0,0.0,,
1940-02-01,377.0,38.0,549.0,56.0,0.0,0.0,0.0,,
1940-03-01,377.0,42.0,512.0,55.0,0.0,0.0,0.0,,
1940-04-01,409.0,45.0,467.0,57.0,0.0,0.0,0.0,,
1940-05-01,418.0,49.0,509.0,57.0,0.0,0.0,0.0,,
1940-06-01,385.0,45.0,528.0,52.0,0.0,0.0,0.0,,
1940-07-01,421.0,51.0,453.0,55.0,0.0,0.0,0.0,,
1940-08-01,421.0,49.0,417.0,57.0,0.0,0.0,0.0,,
1940-09-01,404.0,49.0,424.0,58.0,0.0,0.0,0.0,,
1940-10-01,473.0,59.0,589.0,70.0,0.0,0.0,0.0,,
1940-11-01,432.0,51.0,699.0,59.0,0.0,0.0,0.0,,
1940-12-01,423.0,46.0,772.0,59.0,0.0,0.0,0.0,,
1941-01-01,453.0,44.0,598.0,70.0,0.0,0.0,0.0,,
1941-02-01,371.0,40.0,506.0,61.0,0.0,0.0,0.0,,
1941-03-01,405.0,44.0,527.0,62.0,0.0,0.0,0.0,,
1941-04-01,423.0,50.0,508.0,62.0,0.0,0.0,0.0,,
1941-05-01,487.0,52.0,532.0,65.0,0.0,0.0,0.0,,
1941-06-01,466.0,46.0,465.0,54.0,0.0,0.0,0.0,,
1941-07-01,515.0,50.0,447.0,62.0,0.0,0.0,0.0,,
1941-08-01,509.0,49.0,415.0,60.0,0.0,0.0,0.0,,
1941-09-01,525.0,56.0,408.0,63.0,0.0,0.0,0.0,,
1941-10-01,578.0,65.0,550.0,67.0,0.0,0.0,0.0,,
1941-11-01,481.0,55.0,607.0,57.0,0.0,0.0,0.0,,
1941-12-01,527.0,49.0,782.0,66.0,0.0,0.0,0.0,,
1942-01-01,557.0,48.0,776.0,69.0,0.0,0.0,0.0,,
1942-02-01,473.0,41.0,520.0,62.0,0.0,0.0,0.0,,
1942-03-01,497.0,49.0,544.0,73.0,0.0,0.0,0.0,,
1942-04-01,516.0,50.0,568.0,68.0,0.0,0.0,0.0,,
1942-05-01,481.0,49.0,597.0,61.0,0.0,0.0,0.0,,
1942-06-01,555.0,54.0,655.0,59.0,0.0,0.0,0.0,,
1942-07-01,552.0,55.0,583.0,67.0,0.0,0.0,0.0,,
1942-08-01,555.0,59.0,496.0,73.0,0.0,0.0,0.0,,
1942-09-01,571.0,70.0,558.0,87.0,0.0,0.0,0.0,,
1942-10-01,610.0,76.0,591.0,91.0,0.0,0.0,0.0,,
1942-11-01,486.0,63.0,722.0,83.0,0.0,0.0,0.0,,
1942-12-01,494.0,53.0,952.0,88.0,0.0,0.0,0.0,,
1943-01-01,487.0,36.0,793.0,71.0,0.0,0.0,0.0,,
1943-02-01,458.0,32.0,638.0,63.0,0.0,0.0,0.0,,
1943-03-01,496.0,38.0,704.0,65.0,0.0,0.0,0.0,,
1943-04-01,435.0,32.0,671.0,64.0,0.0,0.0,0.0,,
1943-05-01,429.0,31.0,771.0,70.0,0.0,0.0,0.0,,
1943-06-01,388.0,33.0,854.0,66.0,0.0,0.0,0.0,,
1943-07-01,448.0,38.0,852.0,78.0,0.0,0.0,0.0,,
1943-08-01,497.0,56.0,703.0,89.0,0.0,0.0,0.0,,
1943-09-01,556.0,73.0,647.0,98.0,0.0,0.0,0.0,,
1943-10-01,596.0,88.0,687.0,104.0,0.0,0.0,0.0,,
1943-11-01,595.0,81.0,954.0,94.0,0.0,0.0,0.0,,
1943-12-01,585.0,61.0,1034.0,94.0,0.0,0.0,0.0,,
1944-01-01,1333.0,134.0,2392.0,171.0,0.0,0.0,0.0,,
1944-02-01,1256.0,119.0,2187.0,136.0,0.0,0.0,0.0,,
1944-03-01,1301.0,139.0,2099.0,142.0,0.0,0.0,0.0,,
1944-04-01,1145.0,141.0,1815.0,125.0,0.0,0.0,0.0,,
1944-05-01,1193.0,161.0,1901.0,146.0,0.0,0.0,0.0,,
1944-06-01,1148.0,192.0,1773.0,148.0,0.0,0.0,0.0,,
1944-07-01,1159.0,221.0,1445.0,154.0,0.0,0.0,0.0,,
1944-08-01,1389.0,278.0,1330.0,162.0,0.0,0.0,0.0,,
1944-09-01,1358.0,288.0,1181.0,171.0,0.0,0.0,0.0,,
1944-10-01,1466.0,345.0,1364.0,190.0,0.0,0.0,0.0,,
1944-11-01,1366.0,312.0,1673.0,172.0,0.0,0.0,0.0,,
1944-12-01,1341.0,227.0,1798.0,172.0,0.0,0.0,0.0,,
1945-01-01,1439.0,179.0,1798.0,190.0,0.0,0.0,0.0,,
1945-02-01,1406.0,140.0,1204.0,152.0,0.0,0.0,0.0,,
1945-03-01,1469.0,159.0,1247.0,163.0,0.0,0.0,0.0,,
1945-04-01,1254.0,142.0,1123.0,145.0,0.0,0.0,0.0,,
1945-05-01,1300.0,155.0,1211.0,164.0,0.0,0.0,0.0,,
1945-06-01,1303.0,163.0,1219.0,164.0,0.0,0.0,0.0,,
1945-07-01,1279.0,175.0,1085.0,154.0,0.0,0.0,0.0,,
1945-08-01,1485.0,225.0,919.0,144.0,0.0,0.0,0.0,,
1945-09-01,1572.0,257.0,867.0,151.0,0.0,0.0,0.0,,
1945-10-01,1769.0,324.0,1019.0,181.0,0.0,0.0,0.0,,
1945-11-01,1582.0,275.0,1625.0,163.0,0.0,0.0,0.0,,
1945-12-01,1319.0,182.0,1913.0,170.0,0.0,0.0,0.0,,
1946-01-01,1371.0,143.0,1798.0,140.0,0.0,0.0,0.0,,
1946-02-01,1360.0,122.0,1675.0,210.0,0.0,0.0,0.0,,
1946-03-01,1284.0,130.0,1314.0,187.0,0.0,0.0,0.0,,
1946-04-01,1128.0,128.0,1419.0,159.0,0.0,0.0,0.0,,
1946-05-01,978.0,120.0,1416.0,122.0,0.0,0.0,0.0,,
1946-06-01,707.0,109.0,865.0,140.0,0.0,0.0,0.0,,
1946-07-01,1560.0,209.0,1571.0,146.0,0.0,0.0,0.0,,
1946-08-01,1465.0,208.0,1027.0,137.0,0.0,0.0,0.0,,
1946-09-01,534.0,141.0,195.0,117.0,0.0,0.0,0.0,,
1946-10-01,1343.0,254.0,1124.0,180.0,0.0,0.0,0.0,,
1946-11-01,1449.0,227.0,1768.0,136.0,0.0,0.0,0.0,,
1946-12-01,1497.0,179.0,1690.0,123.0,0.0,0.0,0.0,,
1947-01-01,1628.0,178.0,1881.0,142.0,0.0,0.0,0.0,,
1947-02-01,1359.0,144.0,1264.0,119.0,0.0,0.0,0.0,,
1947-03-01,1451.0,163.0,1091.0,120.0,0.0,0.0,0.0,,
1947-04-01,1449.0,170.0,1177.0,126.0,0.0,0.0,0.0,,
1947-05-01,1488.0,174.0,1239.0,125.0,0.0,0.0,0.0,,
1947-06-01,1403.0,189.0,1223.0,115.0,0.0,0.0,0.0,,
1947-07-01,1461.0,217.0,1212.0,112.0,0.0,0.0,0.0,,
1947-08-01,1337.0,211.0,972.0,109.0,0.0,0.0,0.0,,
1947-09-01,1541.0,250.0,967.0,126.0,0.0,0.0,0.0,,
1947-10-01,1610.0,270.0,1240.0,146.0,0.0,0.0,0.0,,
1947-11-01,1425.0,240.0,1691.0,127.0,0.0,0.0,0.0,,
1947-12-01,1479.0,191.0,1933.0,129.0,0.0,0.0,0.0,,
1948-01-01,1493.0,167.0,1675.0,125.0,0.0,0.0,0.0,,
1948-02-01,1155.0,136.0,1210.0,116.0,0.0,0.0,0.0,,
1948-03-01,1239.0,149.0,1178.0,115.0,0.0,0.0,0.0,,
1948-04-01,1175.0,153.0,1102.0,101.0,0.0,0.0,0.0,,
1948-05-01,1100.0,150.0,1168.0,89.0,0.0,0.0,0.0,,
1948-06-01,1278.0,188.0,1425.0,110.0,0.0,0.0,0.0,,
1948-07-01,1186.0,188.0,1054.0,105.0,0.0,0.0,0.0,,
1948-08-01,1229.0,197.0,835.0,112.0,0.0,0.0,0.0,,
1948-09-01,1343.0,208.0,911.0,130.0,0.0,0.0,0.0,,
1948-10-01,1310.0,208.0,1249.0,140.0,0.0,0.0,0.0,,
1948-11-01,1348.0,196.0,1648.0,129.0,0.0,0.0,0.0,,
1948-12-01,7216.0,173.0,1862.0,121.0,0.0,0.0,0.0,,
1949-01-01,1375.0,145.0,1677.0,116.0,0.0,0.0,0.0,,
1949-02-01,1233.0,129.0,1264.0,99.0,0.0,0.0,0.0,,
1949-03-01,1401.0,155.0,1331.0,90.0,0.0,0.0,0.0,,
1949-04-01,1273.0,145.0,1175.0,65.0,0.0,0.0,0.0,,
1949-05-01,1318.0,145.0,1148.0,72.0,0.0,0.0,0.0,,
1949-06-01,1350.0,163.0,1214.0,79.0,0.0,0.0,0.0,,
1949-07-01,1319.0,165.0,1079.0,86.0,0.0,0.0,0.0,,
1949-08-01,1477.0,197.0,1105.0,102.0,0.0,0.0,0.0,,
1949-09-01,1446.0,195.0,1155.0,105.0,0.0,0.0,0.0,,
1949-10-01,1357.0,195.0,1398.0,107.0,0.0,0.0,0.0,,
1949-11-01,1317.0,194.0,1758.0,100.0,0.0,0.0,0.0,,
1949-12-01,1273.0,157.0,1922.0,102.0,0.0,0.0,0.0,,
1950-01-01,1372.0,137.0,1769.0,106.0,0.0,0.0,0.0,,
1950-02-01,1186.0,124.0,1258.0,88.0,0.0,0.0,0.0,,
1950-03-01,1364.0,151.0,1468.0,95.0,0.0,0.0,0.0,,
1950-04-01,1220.0,137.0,1276.0,84.0,0.0,0.0,0.0,,
1950-05-01,1359.0,147.0,1309.0,90.0,0.0,0.0,0.0,,
1950-06-01,1325.0,154.0,1323.0,92.0,0.0,0.0,0.0,,
1950-07-01,1324.0,153.0,1132.0,88.0,0.0,0.0,0.0,,
1950-08-01,1461.0,173.0,1152.0,99.0,0.0,0.0,0.0,,
1950-09-01,1472.0,172.0,1214.0,98.0,0.0,0.0,0.0,,
1950-10-01,1437.0,169.0,1472.0,98.0,0.0,0.0,0.0,,
1950-11-01,1405.0,156.0,1799.0,90.0,0.0,0.0,0.0,,
1950-12-01,1376.0,130.0,2013.0,87.0,0.0,0.0,0.0,,
1951-01-01,1484.0,126.0,1981.0,104.0,0.0,0.0,0.0,,
1951-02-01,1140.0,103.0,1290.0,74.0,0.0,0.0,0.0,,
1951-03-01,1231.0,115.0,1521.0,76.0,0.0,0.0,0.0,,
1951-04-01,1157.0,106.0,1485.0,69.0,0.0,0.0,0.0,,
1951-05-01,1268.0,114.0,1463.0,65.0,0.0,0.0,0.0,,
1951-06-01,1026.0,127.0,1471.0,75.0,0.0,0.0,0.0,,
1951-07-01,1179.0,140.0,1263.0,80.0,0.0,0.0,0.0,,
1951-08-01,1325.0,157.0,1368.0,83.0,0.0,0.0,0.0,,
1951-09-01,1199.0,138.0,1294.0,78.0,0.0,0.0,0.0,,
1951-10-01,1370.0,174.0,1604.0,100.0,0.0,0.0,0.0,,
1951-11-01,1356.0,148.0,1874.0,90.0,0.0,0.0,0.0,,
1951-12-01,1246.0,107.0,1983.0,79.0,0.0,0.0,0.0,,
1952-01-01,1424.0,118.0,2062.0,105.0,0.0,0.0,0.0,,
1952-02-01,1277.0,103.0,1716.0,101.0,0.0,0.0,0.0,,
1952-03-01,1203.0,109.0,1684.0,99.0,0.0,0.0,0.0,,
1952-04-01,1229.0,112.0,1522.0,96.0,0.0,0.0,0.0,,
1952-05-01,1307.0,122.0,1330.0,94.0,0.0,0.0,0.0,,
1952-06-01,1231.0,133.0,1328.0,87.0,0.0,0.0,0.0,,
1952-07-01,1388.0,151.0,1179.0,82.0,0.0,0.0,0.0,,
1952-08-01,1402.0,161.0,1144.0,93.0,0.0,0.0,0.0,,
1952-09-01,1485.0,180.0,1291.0,112.0,0.0,0.0,0.0,,
1952-10-01,1653.0,210.0,1609.0,130.0,0.0,0.0,0.0,,
1952-11-01,1364.0,171.0,1703.0,100.0,0.0,0.0,0.0,,
1952-12-01,1531.0,161.0,2163.0,119.0,0.0,0.0,0.0,,
1953-01-01,1647.0,145.0,1871.0,128.0,0.0,0.0,0.0,,
1953-02-01,1504.0,126.0,1360.0,110.0,0.0,0.0,0.0,,
1953-03-01,1656.0,149.0,1459.0,121.0,0.0,0.0,0.0,,
1953-04-01,1755.0,162.0,1284.0,110.0,0.0,0.0,0.0,,
1953-05-01,1709.0,172.0,1121.0,99.0,0.0,0.0,0.0,,
1953-06-01,1781.0,206.0,1177.0,95.0,0.0,0.0,0.0,,
1953-07-01,1827.0,223.0,1086.0,101.0,0.0,0.0,0.0,,
1953-08-01,1781.0,229.0,1052.0,104.0,0.0,0.0,0.0,,
1953-09-01,1917.0,245.0,1196.0,121.0,0.0,0.0,0.0,,
1953-10-01,2036.0,264.0,1441.0,138.0,0.0,0.0,0.0,,
1953-11-01,1853.0,215.0,1632.0,110.0,0.0,0.0,0.0,,
1953-12-01,1958.0,197.0,1584.0,121.0,0.0,0.0,0.0,,
1954-01-01,1906.0,177.0,1468.0,126.0,0.0,0.0,0.0,,
1954-02-01,1625.0,156.0,1182.0,112.0,0.0,0.0,0.0,,
1954-03-01,1883.0,192.0,1398.0,117.0,0.0,0.0,0.0,,
1954-04-01,1751.0,177.0,1209.0,110.0,0.0,0.0,0.0,,
1954-05-01,1777.0,183.0,1121.0,102.0,0.0,0.0,0.0,,
1954-06-01,1888.0,222.0,1187.0,111.0,0.0,0.0,0.0,,
1954-07-01,1912.0,230.0,1087.0,111.0,0.0,0.0,0.0,,
1954-08-01,1910.0,239.0,1168.0,113.0,0.0,0.0,0.0,,
1954-09-01,1923.0,247.0,1379.0,117.0,0.0,0.0,0.0,,
1954-10-01,1916.0,248.0,1500.0,119.0,0.0,0.0,0.0,,
1954-11-01,1879.0,216.0,1746.0,111.0,0.0,0.0,0.0,,
1954-12-01,1913.0,197.0,1856.0,116.0,0.0,0.0,0.0,,
1955-01-01,1890.0,180.0,1711.0,125.0,0.0,0.0,0.0,,
1955-02-01,1627.0,157.0,1399.0,112.0,0.0,0.0,0.0,,
1955-03-01,1907.0,187.0,1655.0,129.0,0.0,0.0,0.0,,
1955-04-01,1792.0,174.0,1362.0,120.0,0.0,0.0,0.0,,
1955-05-01,1905.0,189.0,1294.0,122.0,0.0,0.0,0.0,,
1955-06-01,2018.0,209.0,1217.0,113.0,0.0,0.0,0.0,,
1955-07-01,1851.0,196.0,1089.0,100.0,0.0,0.0,0.0,,
1955-08-01,2173.0,230.0,1331.0,116.0,0.0,0.0,0.0,,
1955-09-01,2136.0,238.0,1487.0,125.0,0.0,0.0,0.0,,
1955-10-01,2082.0,232.0,1754.0,117.0,0.0,0.0,0.0,,
1955-11-01,2024.0,211.0,1981.0,113.0,0.0,0.0,0.0,,
1955-12-01,2003.0,186.0,2113.0,115.0,0.0,0.0,0.0,,
1956-01-01,2195.0,186.0,1940.0,135.0,0.0,0.0,0.0,,
1956-02-01,1930.0,175.0,1696.0,121.0,0.0,0.0,0.0,,
1956-03-01,2019.0,184.0,1758.0,125.0,0.0,0.0,0.0,,
1956-04-01,1997.0,183.0,1494.0,114.0,0.0,0.0,0.0,,
1956-05-01,2123.0,199.0,1428.0,101.0,0.0,0.0,0.0,,
1956-06-01,2095.0,203.0,1311.0,98.0,0.0,0.0,0.0,,
1956-07-01,2135.0,217.0,1267.0,108.0,0.0,0.0,0.0,,
1956-08-01,2133.0,246.0,1317.0,117.0,0.0,0.0,0.0,,
1956-09-01,1949.0,228.0,1405.0,108.0,0.0,0.0,0.0,,
1956-10-01,2321.0,281.0,1784.0,135.0,0.0,0.0,0.0,,
1956-11-01,2151.0,233.0,1873.0,110.0,0.0,0.0,0.0,,
1956-12-01,2060.0,181.0,1649.0,106.0,0.0,0.0,0.0,,
1957-01-01,2360.0,206.0,1667.0,137.0,0.0,0.0,0.0,,
1957-02-01,1921.0,171.0,1428.0,114.0,0.0,0.0,0.0,,
1957-03-01,1949.0,180.0,1534.0,106.0,0.0,0.0,0.0,,
1957-04-01,1923.0,181.0,1447.0,108.0,0.0,0.0,0.0,,
1957-05-01,2130.0,190.0,1442.0,113.0,0.0,0.0,0.0,,
1957-06-01,1921.0,184.0,1222.0,100.0,0.0,0.0,0.0,,
1957-07-01,2160.0,212.0,1265.0,113.0,0.0,0.0,0.0,,
1957-08-01,2121.0,223.0,1273.0,106.0,0.0,0.0,0.0,,
1957-09-01,2032.0,210.0,1400.0,106.0,0.0,0.0,0.0,,
1957-10-01,2246.0,228.0,1723.0,117.0,0.0,0.0,0.0,,
1957-11-01,1903.0,175.0,1595.0,94.0,0.0,0.0,0.0,,
1957-12-01,1890.0,157.0,1624.0,99.0,0.0,0.0,0.0,,
1958-01-01,1211.0,106.0,892.0,59.0,0.0,0.0,0.0,,
1958-02-01,960.0,86.0,708.0,53.0,0.0,0.0,0.0,,
1958-03-01,985.0,91.0,775.0,56.0,0.0,0.0,0.0,,
1958-04-01,1023.0,90.0,806.0,65.0,0.0,0.0,0.0,,
1958-05-01,1062.0,90.0,734.0,62.0,0.0,0.0,0.0,,
1958-06-01,1078.0,91.0,710.0,55.0,0.0,0.0,0.0,,
1958-07-01,1148.0,96.0,714.0,53.0,0.0,0.0,0.0,,
1958-08-01,1079.0,92.0,718.0,50.0,0.0,0.0,0.0,,
1958-09-01,1148.0,94.0,822.0,55.0,0.0,0.0,0.0,,
1958-10-01,1220.0,103.0,932.0,59.0,0.0,0.0,0.0,,
1958-11-01,978.0,81.0,858.0,48.0,0.0,0.0,0.0,,
1958-12-01,1091.0,83.0,949.0,59.0,0.0,0.0,0.0,,
1959-01-01,1127.0,75.0,965.0,74.0,0.0,0.0,0.0,,
1959-02-01,946.0,67.0,907.0,60.0,0.0,0.0,0.0,,
1959-03-01,1029.0,73.0,918.0,64.0,0.0,0.0,0.0,,
1959-04-01,1099.0,73.0,920.0,61.0,0.0,0.0,0.0,,
1959-05-01,1071.0,70.0,823.0,54.0,0.0,0.0,0.0,,
1959-06-01,1109.0,76.0,825.0,54.0,0.0,0.0,0.0,,
1959-07-01,1166.0,80.0,842.0,57.0,0.0,0.0,0.0,,
1959-08-01,1083.0,76.0,792.0,52.0,0.0,0.0,0.0,,
1959-09-01,1177.0,87.0,926.0,63.0,0.0,0.0,0.0,,
1959-10-01,1186.0,92.0,1060.0,64.0,0.0,0.0,0.0,,
1959-11-01,1080.0,80.0,1028.0,57.0,0.0,0.0,0.0,,
1959-12-01,1160.0,80.0,1125.0,64.0,0.0,0.0,0.0,,
1960-01-01,1196.0,79.0,1058.0,68.0,255.9,0.0,0.0,,
1960-02-01,1089.0,73.0,940.0,60.0,250.9,0.0,22.1,,
1960-03-01,1201.0,83.0,981.0,61.0,283.6,0.0,14.0,,
1960-04-01,1066.0,75.0,910.0,59.0,301.6,0.0,13.4,,
1960-05-01,1202.0,77.0,905.0,61.0,331.7,0.0,16.2,,
1960-06-01,1247.0,85.0,852.0,60.0,339.8,0.0,27.1,,
1960-07-01,1166.0,85.0,724.0,57.0,323.6,0.0,46.0,,
1960-08-01,1307.0,99.0,850.0,65.0,379.3,0.0,51.9,,
1960-09-01,1298.0,101.0,845.0,68.0,341.4,0.0,109.5,,
1960-10-01,1263.0,97.0,885.0,70.0,324.6,0.0,149.6,,
1960-11-01,1190.0,91.0,956.0,64.0,285.9,0.0,192.3,,
1960-12-01,1149.0,80.0,957.0,61.0,280.8,0.0,181.3,,
1961-01-01,1235.0,81.0,947.0,73.0,297.8,0.0,125.1,,
1961-02-01,1086.0,73.0,823.0,63.0,255.8,0.0,34.9,,
1961-03-01,1242.0,82.0,980.0,75.0,331.7,0.0,16.1,,
1961-04-01,1137.0,72.0,823.0,71.0,357.9,0.0,24.3,,
1961-05-01,1321.0,79.0,923.0,75.0,421.3,0.0,22.4,,
1961-06-01,1333.0,79.0,854.0,66.0,442.4,0.0,44.8,,
1961-07-01,1223.0,74.0,723.0,60.0,412.4,0.0,72.8,,
1961-08-01,1344.0,89.0,842.0,68.0,427.5,0.0,82.0,,
1961-09-01,1267.0,85.0,838.0,67.0,373.0,0.0,143.6,,
1961-10-01,1336.0,91.0,993.0,73.0,385.2,0.0,179.4,,
1961-11-01,1237.0,84.0,1034.0,65.0,306.0,0.0,248.3,,
1961-12-01,1169.0,71.0,950.0,62.0,275.8,0.0,249.4,,
1962-01-01,1327.0,82.0,1017.0,77.0,304.0,0.0,138.0,,
1962-02-01,1111.0,69.0,864.0,66.0,275.8,0.0,33.9,,
1962-03-01,1232.0,78.0,1010.0,68.0,339.5,0.0,12.6,,
1962-04-01,1141.0,71.0,932.0,66.0,362.3,0.0,13.8,,
1962-05-01,1312.0,79.0,964.0,66.0,427.8,0.0,19.2,,
1962-06-01,1275.0,73.0,853.0,56.0,421.4,0.0,32.5,,
1962-07-01,1284.0,76.0,798.0,62.0,397.0,0.0,44.5,,
1962-08-01,1343.0,86.0,867.0,65.0,415.7,0.0,59.2,,
1962-09-01,1194.0,81.0,787.0,67.0,343.5,0.0,121.5,,
1962-10-01,1357.0,93.0,1092.0,77.0,408.6,0.0,163.2,,
1962-11-01,1209.0,79.0,1052.0,65.0,342.3,0.0,237.2,,
1962-12-01,1146.0,69.0,993.0,60.0,322.9,0.0,231.2,,
1963-01-01,1346.0,78.0,1063.0,73.0,377.5,0.0,128.0,,
1963-02-01,1171.0,66.0,922.0,59.0,303.1,0.0,31.0,,
1963-03-01,1276.0,68.0,1056.0,63.0,343.5,0.0,13.2,,
1963-04-01,1304.0,65.0,1037.0,62.0,379.4,0.0,12.4,,
1963-05-01,1404.0,65.0,986.0,59.0,417.2,0.0,16.7,,
1963-06-01,1311.0,61.0,824.0,53.0,414.0,0.0,30.9,,
1963-07-01,1370.0,71.0,850.0,64.0,444.2,0.0,42.0,,
1963-08-01,1397.0,76.0,856.0,64.0,431.2,0.0,74.8,,
1963-09-01,1342.0,76.0,954.0,65.0,390.4,0.0,137.7,,
1963-10-01,1513.0,84.0,1110.0,76.0,409.3,0.0,193.7,,
1963-11-01,1299.0,70.0,1075.0,59.0,326.3,0.0,251.8,,
1963-12-01,1316.0,67.0,1130.0,60.0,371.2,0.0,217.4,,
1964-01-01,1512.0,77.0,1162.0,71.0,391.8,0.0,142.1,,
1964-02-01,1301.0,64.0,973.0,55.0,345.6,0.0,32.1,,
1964-03-01,1414.0,69.0,1052.0,59.0,371.2,0.0,12.5,,
1964-04-01,1515.0,68.0,1073.0,60.0,406.6,0.0,15.6,,
1964-05-01,1511.0,66.0,921.0,55.0,423.0,0.0,18.0,,
1964-06-01,1589.0,72.0,868.0,55.0,454.5,0.0,29.9,,
1964-07-01,1545.0,81.0,853.0,58.0,436.0,0.0,52.6,,
1964-08-01,1477.0,84.0,814.0,53.0,432.8,0.0,86.6,,
1964-09-01,1536.0,91.0,939.0,59.0,419.9,0.0,145.6,,
1964-10-01,1623.0,97.0,1140.0,64.0,413.2,0.0,208.3,,
1964-11-01,1454.0,82.0,1106.0,55.0,339.3,0.0,258.3,,
1964-12-01,1560.0,77.0,1118.0,59.0,376.3,0.0,250.6,,
1965-01-01,1539.0,79.0,1014.0,59.0,396.0,0.0,143.0,,
1965-02-01,1365.0,69.0,872.0,48.0,353.0,0.0,31.2,,
1965-03-01,1568.0,80.0,1075.0,55.0,407.7,0.0,13.7,,
1965-04-01,1423.0,73.0,972.0,55.0,420.3,0.0,14.5,,
1965-05-01,1431.0,66.0,803.0,50.0,433.1,0.0,15.6,,
1965-06-01,1530.0,74.0,804.0,50.0,486.8,0.0,27.0,,
1965-07-01,1520.0,77.0,755.0,51.0,467.3,0.0,54.7,,
1965-08-01,1567.0,85.0,806.0,52.0,483.2,0.0,95.7,,
1965-09-01,1624.0,90.0,917.0,59.0,469.8,0.0,163.6,,
1965-10-01,1603.0,88.0,920.0,57.0,456.9,0.0,224.4,,
1965-11-01,1570.0,83.0,935.0,52.0,398.9,0.0,262.1,,
1965-12-01,1585.0,72.0,863.0,51.0,421.4,0.0,275.1,,
1966-01-01,1659.0,75.0,830.0,51.0,407.0,0.0,152.5,,
1966-02-01,1468.0,69.0,809.0,45.0,397.8,0.0,35.5,,
1966-03-01,1606.0,79.0,1006.0,59.0,439.4,0.0,18.1,,
1966-04-01,1508.0,68.0,923.0,55.0,449.6,0.0,17.0,,
1966-05-01,1583.0,66.0,875.0,54.0,469.7,0.0,20.5,,
1966-06-01,1700.0,70.0,841.0,56.0,514.3,0.0,35.7,,
1966-07-01,1559.0,68.0,747.0,50.0,465.2,0.0,79.5,,
1966-08-01,1736.0,79.0,879.0,55.0,540.4,0.0,114.5,,
1966-09-01,1714.0,76.0,991.0,57.0,515.4,0.0,196.4,,
1966-10-01,1668.0,76.0,1029.0,56.0,497.1,0.0,239.9,,
1966-11-01,1650.0,72.0,1094.0,50.0,435.3,0.0,271.9,,
1966-12-01,1642.0,64.0,1106.0,51.0,472.7,0.0,274.9,,
1967-01-01,1728.0,67.0,1108.0,61.0,474.9,0.0,174.1,,
1967-02-01,1540.0,59.0,980.0,57.0,403.6,0.0,45.3,,
1967-03-01,1693.0,65.0,1136.0,61.0,472.0,0.0,24.8,,
1967-04-01,1595.0,57.0,1020.0,49.0,455.9,0.0,26.5,,
1967-05-01,1763.0,59.0,930.0,49.0,552.0,0.0,25.2,,
1967-06-01,1748.0,60.0,919.0,49.0,548.0,0.0,46.4,,
1967-07-01,1604.0,59.0,838.0,48.0,488.1,0.0,102.4,,
1967-08-01,1738.0,68.0,1009.0,54.0,573.5,0.0,153.4,,
1967-09-01,1647.0,66.0,1046.0,55.0,503.7,0.0,246.0,,
1967-10-01,1726.0,70.0,1154.0,55.0,525.5,0.0,253.3,,
1967-11-01,1616.0,64.0,1142.0,50.0,449.3,0.0,286.3,,
1967-12-01,1593.0,54.0,1095.0,49.0,429.5,0.0,278.1,,
1968-01-01,1798.0,63.0,1150.0,59.0,483.9,0.0,177.3,,
1968-02-01,1633.0,54.0,986.0,48.0,429.0,0.0,51.9,,
1968-03-01,1620.0,57.0,1060.0,46.0,448.8,0.0,25.1,,
1968-04-01,1638.0,56.0,1113.0,49.0,484.9,0.0,21.8,,
1968-05-01,1795.0,57.0,1110.0,50.0,532.2,0.0,25.9,,
1968-06-01,1645.0,52.0,895.0,45.0,497.1,0.0,39.1,,
1968-07-01,1787.0,57.0,943.0,49.0,550.9,0.0,69.5,,
1968-08-01,1798.0,59.0,996.0,49.0,547.7,0.0,122.3,,
1968-09-01,1725.0,59.0,1059.0,51.0,502.8,0.0,194.0,,
1968-10-01,1917.0,67.0,1249.0,56.0,572.0,0.0,221.2,,
1968-11-01,1661.0,61.0,1143.0,45.0,425.7,0.0,277.2,,
1968-12-01,1647.0,54.0,1162.0,46.0,464.0,0.0,245.6,,
1969-01-01,1857.0,60.0,1170.0,55.0,540.7,0.0,162.0,,
1969-02-01,1631.0,52.0,1050.0,42.0,445.6,0.0,42.6,,
1969-03-01,1660.0,53.0,1131.0,45.0,482.6,0.0,21.3,,
1969-04-01,1667.0,52.0,1145.0,46.0,533.5,0.0,23.4,,
1969-05-01,1685.0,50.0,1028.0,45.0,562.7,0.0,21.0,,
1969-06-01,1666.0,50.0,964.0,42.0,573.9,0.0,39.0,,
1969-07-01,1765.0,53.0,970.0,42.0,568.4,0.0,85.4,,
1969-08-01,1734.0,52.0,943.0,41.0,573.8,0.0,145.5,,
1969-09-01,1855.0,57.0,1073.0,47.0,578.0,0.0,185.3,,
1969-10-01,1995.0,61.0,1188.0,49.0,610.5,0.0,225.8,,
1969-11-01,1641.0,49.0,1003.0,40.0,461.3,0.0,266.5,,
1969-12-01,1804.0,50.0,1109.0,44.0,553.2,0.0,229.7,,
1970-01-01,1872.0,50.0,1051.0,47.0,580.1,0.0,147.4,,
1970-02-01,1644.0,44.0,929.0,41.0,522.9,0.0,40.5,,
1970-03-01,1760.0,49.0,1076.0,49.0,573.1,0.0,22.2,,
1970-04-01,1783.0,47.0,1137.0,51.0,628.0,0.0,22.1,,
1970-05-01,1736.0,45.0,1015.0,43.0,601.4,0.0,27.6,,
1970-06-01,1807.0,45.0,981.0,44.0,666.1,0.0,44.9,,
1970-07-01,1808.0,47.0,990.0,44.0,657.0,0.0,109.5,,
1970-08-01,1734.0,46.0,1008.0,41.0,611.5,0.0,172.1,,
1970-09-01,1868.0,49.0,1156.0,46.0,613.5,0.0,212.0,,
1970-10-01,1913.0,49.0,1278.0,48.0,633.4,0.0,244.6,,
1970-11-01,1696.0,43.0,1255.0,39.0,512.9,0.0,276.9,,
1970-12-01,1851.0,44.0,1372.0,46.0,561.5,0.0,244.9,,
1971-01-01,1817.0,44.0,1265.0,50.0,563.1,0.0,149.2,,
1971-02-01,1617.0,41.0,1073.0,45.0,530.3,0.0,49.9,,
1971-03-01,1866.0,48.0,1333.0,51.0,616.5,0.0,31.5,,
1971-04-01,1771.0,44.0,1293.0,49.0,599.4,0.0,42.7,,
1971-05-01,1761.0,42.0,1188.0,41.0,592.1,0.0,47.7,,
1971-06-01,1914.0,43.0,1197.0,42.0,654.3,0.0,63.1,,
1971-07-01,1850.0,43.0,1057.0,41.0,619.4,0.0,127.7,,
1971-08-01,1836.0,42.0,1150.0,41.0,673.7,0.0,177.1,,
1971-09-01,1889.0,45.0,1234.0,47.0,630.9,0.0,221.2,,
1971-10-01,1824.0,43.0,1213.0,48.0,624.5,0.0,235.8,,
1971-11-01,1786.0,42.0,1296.0,44.0,576.2,0.0,256.0,,
1971-12-01,1768.0,40.0,1307.0,46.0,600.7,0.0,242.9,,
1972-01-01,1792.0,40.0,1105.0,47.0,616.1,0.0,146.1,,
1972-02-01,1711.0,37.0,1078.0,44.0,596.1,0.0,57.6,,
1972-03-01,1867.0,41.0,1320.0,51.0,652.7,0.0,45.2,,
1972-04-01,1717.0,34.0,1139.0,44.0,623.7,0.0,45.8,,
1972-05-01,1936.0,35.0,1160.0,44.0,715.4,0.0,44.3,,
1972-06-01,1913.0,35.0,1087.0,42.0,713.1,0.0,74.6,,
1972-07-01,1692.0,33.0,902.0,37.0,636.6,0.0,149.0,,
1972-08-01,1987.0,38.0,1089.0,43.0,738.6,0.0,186.9,,
1972-09-01,1880.0,34.0,1073.0,44.0,636.1,0.0,254.6,,
1972-10-01,2013.0,37.0,1202.0,50.0,694.8,0.0,241.7,,
1972-11-01,1897.0,34.0,1218.0,45.0,618.1,0.0,282.7,,
1972-12-01,1813.0,31.0,1087.0,42.0,582.2,0.0,261.3,,
1973-01-01,1945.0,36.0,1149.0,46.0,662.1,0.0,152.7,,
1973-02-01,1675.0,29.0,979.0,39.0,566.2,0.0,69.7,,
1973-03-01,1774.0,31.0,1134.0,40.0,621.4,0.0,41.6,,
1973-04-01,1483.0,24.0,1033.0,39.0,594.4,0.0,45.3,,
1973-05-01,1826.0,27.0,1150.0,48.0,712.1,0.0,55.8,,
1973-06-01,1740.0,25.0,995.0,39.0,680.0,0.0,84.2,,
1973-07-01,1695.0,24.0,889.0,43.0,673.6,0.0,142.9,,
1973-08-01,1662.0,25.0,973.0,44.0,703.5,0.0,185.0,,
1973-09-01,1641.0,24.0,929.0,41.0,609.5,0.0,234.1,,
1973-10-01,1996.0,28.0,1152.0,49.0,733.5,0.0,212.3,,
1973-11-01,1874.0,28.0,1137.0,40.0,641.7,0.0,272.6,,
1973-12-01,1778.0,24.0,1058.0,34.0,588.2,0.0,269.9,,
1974-01-01,1973.0,29.0,1212.0,41.0,713.1,0.0,174.6,,
1974-02-01,1603.0,25.0,999.0,34.0,601.2,0.0,97.3,,
1974-03-01,1858.0,29.0,1167.0,44.0,641.9,0.0,59.8,,
1974-04-01,1853.0,28.0,1225.0,43.0,672.4,0.0,58.9,,
1974-05-01,1945.0,29.0,1256.0,36.0,745.0,0.0,80.1,,
1974-06-01,1839.0,27.0,1050.0,29.0,687.2,0.0,113.2,,
1974-07-01,1941.0,34.0,1015.0,36.0,720.1,0.0,159.7,,
1974-08-01,1953.0,40.0,1100.0,39.0,713.8,0.0,213.1,,
1974-09-01,1857.0,47.0,1127.0,43.0,621.1,0.0,237.2,,
1974-10-01,2151.0,59.0,1217.0,44.0,686.9,0.0,220.2,,
1974-11-01,1952.0,48.0,1123.0,32.0,524.5,0.0,261.1,,
1974-12-01,1918.0,47.0,1091.0,32.0,589.6,0.0,215.3,,
1975-01-01,2106.0,59.0,1114.0,36.0,646.2,0.0,119.9,,
1975-02-01,1845.0,50.0,954.0,31.0,570.2,0.0,64.9,,
1975-03-01,1891.0,57.0,976.0,35.0,616.6,0.0,47.1,,
1975-04-01,1895.0,60.0,1100.0,34.0,688.3,0.0,54.4,,
1975-05-01,1849.0,59.0,934.0,31.0,690.1,0.0,68.7,,
1975-06-01,1849.0,63.0,889.0,31.0,683.1,0.0,81.9,,
1975-07-01,1916.0,77.0,817.0,32.0,714.2,0.0,138.4,,
1975-08-01,1961.0,73.0,794.0,32.0,680.5,0.0,193.2,,
1975-09-01,2065.0,82.0,901.0,40.0,684.9,0.0,203.3,,
1975-10-01,2270.0,95.0,936.0,38.0,739.8,0.0,229.0,,
1975-11-01,1970.0,76.0,904.0,28.0,560.7,0.0,257.5,,
1975-12-01,2055.0,76.0,996.0,32.0,691.4,0.0,220.2,,
1976-01-01,2208.0,73.0,953.0,33.0,712.3,0.0,157.5,,
1976-02-01,1966.0,62.0,850.0,29.0,632.3,0.0,76.3,,
1976-03-01,2318.0,71.0,1093.0,33.0,771.9,0.0,61.7,,
1976-04-01,2015.0,59.0,1003.0,32.0,742.5,0.0,68.6,,
1976-05-01,1969.0,56.0,880.0,23.0,745.4,0.0,79.9,,
1976-06-01,2161.0,63.0,899.0,27.0,825.9,0.0,106.5,,
1976-07-01,2111.0,62.0,847.0,28.0,766.0,0.0,182.2,,
1976-08-01,2233.0,67.0,1020.0,30.0,805.2,0.0,213.9,,
1976-09-01,2274.0,75.0,1084.0,34.0,800.3,0.0,243.8,,
1976-10-01,2203.0,75.0,1188.0,31.0,769.5,0.0,252.8,,
1976-11-01,2096.0,72.0,1255.0,30.0,699.2,0.0,256.6,,
1976-12-01,2113.0,77.0,1146.0,31.0,716.8,0.0,261.5,,
1977-01-01,4092.0,118.0,2001.0,57.0,713.8,0.0,146.5,,
1977-02-01,3828.0,110.0,1981.0,53.0,659.2,0.0,70.5,,
1977-03-01,4231.0,123.0,2463.0,67.0,783.2,0.0,58.7,,
1977-04-01,3841.0,103.0,2196.0,61.0,744.9,0.0,80.3,,
1977-05-01,3855.0,104.0,2047.0,50.0,809.9,0.0,78.9,,
1977-06-01,4231.0,113.0,2002.0,57.0,843.7,0.0,110.0,,
1977-07-01,3824.0,105.0,1704.0,49.0,745.5,0.0,176.5,,
1977-08-01,4321.0,123.0,2107.0,57.0,870.4,0.0,189.6,,
1977-09-01,4115.0,120.0,2220.0,59.0,808.2,0.0,244.4,,
1977-10-01,4051.0,119.0,2258.0,57.0,775.5,0.0,238.2,,
1977-11-01,4009.0,116.0,2430.0,53.0,719.8,0.0,250.3,,
1977-12-01,3953.0,108.0,2161.0,49.0,753.2,0.0,246.8,,
1978-01-01,4036.0,108.0,2057.0,49.0,781.4,0.0,148.2,,
1978-02-01,3791.0,98.0,1985.0,45.0,715.7,0.0,81.8,,
1978-03-01,4029.0,107.0,2314.0,55.0,830.0,0.0,59.7,,
1978-04-01,3708.0,87.0,2146.0,49.0,769.1,0.0,86.3,,
1978-05-01,4014.0,90.0,2208.0,51.0,902.6,0.0,80.8,,
1978-06-01,3812.0,82.0,2054.0,49.0,874.9,0.0,129.3,,
1978-07-01,3600.0,76.0,1890.0,46.0,801.7,0.0,189.5,,
1978-08-01,4080.0,87.0,2161.0,49.0,930.8,0.0,199.9,,
1978-09-01,3843.0,78.0,2152.0,49.0,834.0,0.0,248.9,,
1978-10-01,4084.0,83.0,2309.0,53.0,896.4,0.0,230.9,,
1978-11-01,3948.0,78.0,2421.0,49.0,779.1,0.0,271.2,,
1978-12-01,3687.0,71.0,2201.0,47.0,767.3,0.0,248.9,,
1979-01-01,4022.0,73.0,2240.0,46.0,897.3,0.0,156.3,,
1979-02-01,3302.0,61.0,1958.0,42.0,749.1,0.0,99.3,,
1979-03-01,3454.0,67.0,2452.0,53.0,905.0,0.0,77.2,,
1979-04-01,3079.0,59.0,2427.0,50.0,889.8,0.0,95.0,,
1979-05-01,3435.0,59.0,2569.0,49.0,1013.5,0.0,112.3,,
1979-06-01,3360.0,55.0,2379.0,41.0,940.7,0.0,157.3,,
1979-07-01,3271.0,60.0,2396.0,43.0,965.3,0.0,195.9,,
1979-08-01,3745.0,61.0,2653.0,45.0,1026.3,0.0,219.2,,
1979-09-01,3146.0,55.0,2363.0,45.0,863.2,0.0,267.7,,
1979-10-01,3772.0,65.0,3043.0,51.0,1038.0,0.0,233.0,,
1979-11-01,3446.0,58.0,2873.0,45.0,820.1,0.0,297.5,,
1979-12-01,3289.0,53.0,2586.0,46.0,807.2,0.0,261.9,,
1980-01-01,3671.0,59.0,2836.0,53.0,962.0,0.0,165.5,,
1980-02-01,3327.0,51.0,2522.0,50.0,872.7,0.0,141.2,,
1980-03-01,3213.0,55.0,2718.0,56.0,920.0,0.0,109.4,,
1980-04-01,3386.0,53.0,2963.0,55.0,1009.0,0.0,127.9,,
1980-05-01,3476.0,52.0,2882.0,53.0,1006.7,0.0,143.0,,
1980-06-01,3358.0,52.0,2569.0,43.0,976.2,0.0,178.4,,
1980-07-01,3472.0,55.0,2413.0,45.0,936.3,0.0,206.9,,
1980-08-01,3453.0,55.0,2331.0,45.0,913.8,0.0,240.3,,
1980-09-01,3551.0,58.0,2620.0,50.0,941.8,0.0,227.0,,
1980-10-01,3933.0,68.0,2914.0,57.0,997.2,0.0,244.3,,
1980-11-01,3299.0,54.0,2620.0,47.0,796.1,0.0,276.8,,
1980-12-01,3605.0,63.0,2786.0,55.0,940.4,0.0,246.3,,
1981-01-01,3763.0,63.0,2772.0,58.0,974.6,0.0,190.8,,
1981-02-01,3347.0,55.0,2418.0,51.0,864.2,0.0,142.1,,
1981-03-01,3691.0,63.0,2791.0,57.0,1010.7,0.0,119.6,,
1981-04-01,3522.0,58.0,2796.0,57.0,1027.0,0.0,136.4,,
1981-05-01,3438.0,53.0,2461.0,47.0,1025.8,0.0,149.3,,
1981-06-01,3633.0,57.0,2357.0,47.0,1042.8,0.0,178.3,,
1981-07-01,3557.0,61.0,2281.0,47.0,1037.4,0.0,225.7,,
1981-08-01,3566.0,58.0,2270.0,49.0,1003.8,0.0,250.4,,
1981-09-01,3687.0,66.0,2528.0,59.0,1039.7,0.0,261.7,,
1981-10-01,3841.0,70.0,2738.0,61.0,1033.7,0.0,273.1,,
1981-11-01,3506.0,62.0,2590.0,53.0,872.6,0.0,290.1,,
1981-12-01,3705.0,72.0,2830.0,59.0,973.5,0.0,278.3,,
1982-01-01,0.0,0.0,0.0,0.0,933.8,0.0,204.2,,
1982-02-01,0.0,0.0,0.0,0.0,902.2,0.0,132.2,,
1982-03-01,10643.0,194.0,7253.0,179.0,1052.4,0.0,123.3,,
1982-04-01,0.0,0.0,0.0,0.0,1018.0,0.0,154.9,,
1982-05-01,0.0,0.0,0.0,0.0,1006.1,0.0,147.4,,
1982-06-01,10485.0,180.0,6993.0,168.0,1085.2,0.0,164.3,,
1982-07-01,0.0,0.0,0.0,0.0,1029.5,0.0,216.2,,
1982-08-01,0.0,0.0,0.0,0.0,1057.2,0.0,228.3,,
1982-09-01,11221.0,193.0,6379.0,174.0,1043.1,0.0,265.4,,
1982-10-01,0.0,0.0,0.0,0.0,1010.4,0.0,267.7,,
1982-11-01,0.0,0.0,0.0,0.0,929.8,0.0,276.6,,
1982-12-01,11351.0,198.0,7153.0,184.0,971.3,0.0,289.8,,
1983-01-01,3765.0,62.0,2278.0,59.0,1021.0,0.0,192.7,,
1983-02-01,3339.0,58.0,2009.0,53.0,933.6,0.0,144.1,,
1983-03-01,3700.0,69.0,2568.0,72.0,1106.2,0.0,135.5,,
1983-04-01,3377.0,58.0,2489.0,59.0,1054.3,0.0,182.7,,
1983-05-01,3642.0,59.0,2451.0,59.0,1096.3,0.0,166.5,,
1983-06-01,3862.0,62.0,2496.0,57.0,1125.2,0.0,183.7,,
1983-07-01,3542.0,61.0,2237.0,55.0,977.4,0.0,231.3,,
1983-08-01,4154.0,71.0,2463.0,65.0,1113.1,0.0,224.8,,
1983-09-01,4094.0,70.0,2509.0,65.0,1044.7,0.0,271.8,,
1983-10-01,4028.0,74.0,2735.0,63.0,1038.4,0.0,263.7,,
1983-11-01,3774.0,71.0,2889.0,57.0,937.2,0.0,281.3,,
1983-12-01,3841.0,69.0,2651.0,60.0,941.6,0.0,288.7,,
1984-01-01,3744.0,72.0,2429.0,61.0,1028.9,0.0,189.0,,
1984-02-01,3644.0,68.0,2294.0,64.0,984.5,0.0,138.1,,
1984-03-01,3801.0,74.0,2639.0,69.0,1069.0,0.0,139.0,,
1984-04-01,3484.0,67.0,2433.0,67.0,1052.2,0.0,155.1,,
1984-05-01,4049.0,72.0,2527.0,62.0,1184.4,0.0,163.1,,
1984-06-01,3901.0,69.0,2279.0,54.0,1113.5,0.0,202.6,,
1984-07-01,3801.0,75.0,2050.0,55.0,1102.7,0.0,223.6,,
1984-08-01,4151.0,82.0,2315.0,61.0,1210.5,0.0,242.3,,
1984-09-01,3735.0,71.0,2245.0,57.0,1026.1,0.0,279.6,,
1984-10-01,4277.0,85.0,2783.0,65.0,1212.8,0.0,255.4,,
1984-11-01,3764.0,80.0,2612.0,60.0,1018.7,0.0,320.8,,
1984-12-01,3575.0,72.0,2397.0,60.0,995.4,0.0,271.7,,
1985-01-01,4055.0,79.0,2524.0,63.0,1154.9,0.0,182.8,,
1985-02-01,3474.0,70.0,2179.0,55.0,991.5,0.0,157.7,,
1985-03-01,3649.0,75.0,2430.0,65.0,1082.5,0.0,148.0,,
1985-04-01,3804.0,77.0,2543.0,59.0,1196.6,0.0,176.4,,
1985-05-01,4109.0,79.0,2624.0,57.0,1221.5,0.0,177.3,,
1985-06-01,3734.0,70.0,2220.0,48.0,1094.8,0.0,212.5,,
1985-07-01,4052.0,82.0,2261.0,55.0,1203.3,0.0,238.5,,
1985-08-01,4174.0,77.0,2387.0,57.0,1198.4,0.0,271.1,,
1985-09-01,3902.0,79.0,2359.0,55.0,1081.9,0.0,295.2,,
1985-10-01,4137.0,87.0,2679.0,65.0,1252.5,0.0,288.3,,
1985-11-01,3547.0,79.0,2447.0,55.0,997.8,0.0,341.5,,
1985-12-01,3629.0,87.0,2386.0,59.0,1094.1,0.0,282.5,,
1986-01-01,4210.0,87.0,2496.0,61.0,1211.3,0.0,210.7,,
1986-02-01,3482.0,76.0,2182.0,53.0,1087.0,0.0,187.5,,
1986-03-01,3658.0,82.0,2364.0,63.0,1115.8,0.0,175.0,,
1986-04-01,4154.0,86.0,2553.0,57.0,1249.6,0.0,193.6,,
1986-05-01,4156.0,81.0,2391.0,49.0,1229.1,0.0,205.2,,
1986-06-01,3994.0,77.0,2100.0,47.0,1194.5,0.0,236.4,,
1986-07-01,4234.0,86.0,2097.0,51.0,1197.5,0.0,275.8,,
1986-08-01,4096.0,78.0,2046.0,49.0,1181.0,0.0,307.6,,
1986-09-01,4040.0,81.0,2244.0,59.0,1241.6,0.0,299.4,,
1986-10-01,4225.0,83.0,2539.0,60.0,1255.7,0.0,331.4,,
1986-11-01,3549.0,69.0,2203.0,48.0,1050.4,0.0,365.8,,
1986-12-01,3871.0,78.0,2402.0,55.0,1252.2,0.0,307.1,,
1987-01-01,4140.0,74.0,2455.0,50.0,1275.7,0.0,248.2,,
1987-02-01,3438.0,67.0,2112.0,47.0,1160.7,0.0,215.4,,
1987-03-01,3758.0,73.0,2422.0,53.0,1298.2,0.0,212.8,,
1987-04-01,3802.0,65.0,2311.0,57.0,1274.5,0.0,241.9,,
1987-05-01,3651.0,61.0,2115.0,43.0,1261.0,0.0,255.0,,
1987-06-01,3866.0,67.0,2144.0,47.0,1371.5,0.0,274.1,,
1987-07-01,3983.0,65.0,2137.0,49.0,1337.9,0.0,335.8,,
1987-08-01,3966.0,57.0,2123.0,47.0,1257.0,0.0,358.8,,
1987-09-01,4028.0,67.0,2426.0,56.0,1371.2,0.0,357.4,,
1987-10-01,4136.0,69.0,2688.0,55.0,1383.6,0.0,383.9,,
1987-11-01,3594.0,61.0,2590.0,50.0,1177.1,0.0,411.4,,
1987-12-01,3789.0,70.0,2742.0,55.0,1336.8,0.0,373.5,,
1988-01-01,3841.0,61.0,2458.0,47.0,1306.1,0.0,297.0,,
1988-02-01,3613.0,62.0,2340.0,52.0,1289.7,0.0,255.7,,
1988-03-01,3803.0,64.0,2694.0,70.0,1400.4,0.0,266.9,,
1988-04-01,3639.0,54.0,2499.0,51.0,1313.5,0.0,314.0,,
1988-05-01,3792.0,58.0,2434.0,53.0,1367.3,0.0,276.6,,
1988-06-01,4001.0,66.0,2436.0,53.0,1398.0,0.0,331.3,,
1988-07-01,3916.0,60.0,2238.0,47.0,1234.1,0.0,373.2,,
1988-08-01,4273.0,68.0,2533.0,55.0,1421.9,0.0,322.4,,
1988-09-01,4034.0,64.0,2690.0,55.0,1378.7,0.0,377.3,,
1988-10-01,3961.0,65.0,2852.0,55.0,1379.1,0.0,365.8,,
1988-11-01,3694.0,63.0,2888.0,53.0,1307.1,0.0,395.7,,
1988-12-01,3694.0,62.0,2810.0,57.0,1328.4,0.0,371.7,,
1989-01-01,3751.0,62.0,2581.0,54.0,1386.0,0.0,272.8,,
1989-02-01,3449.0,55.0,2380.0,53.0,1270.1,0.0,254.1,,
1989-03-01,3731.0,61.0,2715.0,67.0,1473.4,0.0,248.1,,
1989-04-01,3473.0,53.0,2614.0,51.0,1335.8,0.0,301.3,,
1989-05-01,3953.0,57.0,2649.0,56.0,1538.5,0.0,268.8,,
1989-06-01,4001.0,56.0,2501.0,51.0,1514.5,0.0,356.9,,
1989-07-01,3740.0,53.0,2189.0,49.0,1365.0,0.0,388.6,,
1989-08-01,4142.0,57.0,2635.0,57.0,1604.2,0.0,360.4,,
1989-09-01,3787.0,54.0,2667.0,54.0,1426.2,0.0,430.3,,
1989-10-01,4033.0,61.0,2808.0,59.0,1497.1,0.0,385.7,,
1989-11-01,3761.0,54.0,2856.0,61.0,1432.2,0.0,422.6,,
1989-12-01,3610.0,49.0,2540.0,61.0,1491.1,0.0,423.1,,
1990-01-01,3822.0,53.0,2693.0,63.0,1586.6,0.0,334.9,75.82998657,14.20000076
1990-02-01,3375.0,47.0,2397.0,57.0,1368.0,0.0,334.0,84.01000977,14.65000153
1990-03-01,3700.0,54.0,2629.0,63.0,1540.1,0.0,298.3,93.95999146,15.31000137
1990-04-01,3457.0,44.0,2468.0,61.0,1489.3,0.0,351.1,93.73001099,15.24000168
1990-05-01,3972.0,49.0,2486.0,61.0,1635.1,0.0,328.4,92.01998901,14.61999893
1990-06-01,3926.0,49.0,2258.0,54.0,1535.7,0.0,384.1,88.26000977,12.97000122
1990-07-01,3853.0,49.0,2179.0,53.0,1516.8,0.0,389.2,86.48001099,12.0
1990-08-01,4087.0,55.0,2588.0,59.0,1688.8,0.0,395.7,94.42001343,10.93000031
1990-09-01,3594.0,51.0,2427.0,53.0,1421.4,0.0,444.0,94.92001343,11.02000046
1990-10-01,4039.0,61.0,2749.0,63.0,1768.6,0.0,382.9,91.41000366,9.38999939
1990-11-01,3640.0,55.0,2713.0,59.0,1566.9,0.0,478.4,84.83999634,10.06000137
1990-12-01,3321.0,53.0,2648.0,59.0,1437.0,0.0,446.2,89.89001465,9.740001678
1991-01-01,3897.0,61.0,2759.0,65.0,1664.4,0.0,328.6,86.32000732,8.799999237
1991-02-01,3354.0,50.0,2380.0,59.0,1485.5,0.0,365.6,89.57000732,8.509998322
1991-03-01,3403.0,49.0,2572.0,71.0,1530.9,0.0,322.0,93.72000122,9.13999939
1991-04-01,3706.0,45.0,2693.0,57.0,1701.7,0.0,329.7,92.26998901,8.509998322
1991-05-01,3857.0,46.0,2553.0,59.0,1743.9,0.0,375.8,87.58999634,7.588099957
1991-06-01,3714.0,39.0,2254.0,49.0,1579.1,0.0,398.2,85.5,9.200000763
1991-07-01,3958.0,43.0,2386.0,55.0,1721.3,0.0,380.7,82.80825806,10.3219986
1991-08-01,4117.0,43.0,2569.0,53.0,1746.8,0.0,402.2,81.61880493,9.588298798
1991-09-01,3840.0,47.0,2602.0,55.0,1590.8,0.0,421.8,87.45098877,9.295501709
1991-10-01,4184.0,55.0,3036.0,63.0,1833.9,0.0,404.8,79.86181641,9.125881195
1991-11-01,3587.0,51.0,2880.0,57.0,1513.4,0.0,482.0,78.51779175,8.63299942
1991-12-01,3524.0,54.0,2853.0,61.0,1615.9,0.0,419.2,75.09667969,9.001903534
1992-01-01,4037.0,55.0,3016.0,61.0,1782.9,0.0,349.9,73.03181818,8.424091339
1992-02-01,3379.0,49.0,2629.0,55.0,1580.7,0.0,362.9,69.298,7.842999935
1992-03-01,3662.0,54.0,2903.0,64.0,1760.6,0.0,331.7,69.89363636,8.250453949
1992-04-01,3538.0,49.0,2799.0,65.0,1729.7,0.0,361.3,66.52227273,9.455715179
1992-05-01,3767.0,49.0,2548.0,49.0,1740.3,0.0,385.2,60.79666667,9.613334656
1992-06-01,4043.0,49.0,2635.0,54.0,1824.7,0.0,374.2,59.44818182,10.34772873
1992-07-01,3997.0,48.0,2721.0,54.0,1819.9,0.0,435.0,58.34913043,10.31217575
1992-08-01,3924.0,47.0,2726.0,49.0,1763.3,0.0,451.8,53.35380952,9.864761353
1992-09-01,3956.0,46.0,2989.0,59.0,1803.5,0.0,411.9,51.67318182,9.312274933
1992-10-01,3990.0,47.0,3145.0,57.0,1834.0,0.0,431.3,50.83,8.70545578
1992-11-01,3529.0,46.0,2878.0,53.0,1595.0,0.0,467.6,52.51285714,8.559524536
1992-12-01,3670.0,51.0,3013.0,58.0,1817.8,0.0,423.0,75.13913043,8.148636818
1993-01-01,3607.0,43.0,2840.0,49.0,1802.8,0.0,393.1,71.81904762,8.237999916
1993-02-01,3323.0,42.0,2551.0,50.0,1659.6,0.0,354.1,67.4365,8.559499741
1993-03-01,3680.0,51.0,2931.0,63.0,1897.1,0.0,322.7,64.68130435,10.62478256
1993-04-01,3531.0,43.0,2903.0,59.0,1867.2,0.0,382.9,58.41454545,11.15380955
1993-05-01,3683.0,38.0,2592.0,53.0,1790.4,0.0,391.9,61.65904762,11.82800007
1993-06-01,4070.0,43.0,2727.0,61.0,1979.4,0.0,378.7,63.19045455,10.39863682
1993-07-01,3937.0,42.0,2595.0,51.0,1801.8,0.0,446.7,70.47909091,9.675000191
1993-08-01,4097.0,45.0,2749.0,53.0,1905.3,0.0,419.3,76.18727273,9.342272758
1993-09-01,4019.0,43.0,2850.0,53.0,1914.9,0.0,426.9,81.12181818,9.535908699
1993-10-01,3921.0,43.0,2915.0,49.0,1872.0,0.0,436.0,76.64333333,10.29476166
1993-11-01,3745.0,46.0,2987.0,51.0,1810.2,0.0,451.4,79.23863636,10.07409096
1993-12-01,3857.0,47.0,3074.0,55.0,1877.4,0.0,461.8,82.5526087,10.52260876
1994-01-01,3848.0,45.0,2722.0,49.0,1887.0,0.0,375.3,79.58238095,10.29904747
1994-02-01,3571.0,43.0,2524.0,53.0,1751.6,0.0,347.8,83.2,10.82250023
1994-03-01,3968.0,51.0,3030.0,68.0,2028.0,0.0,342.0,87.01478261,11.72913074
1994-04-01,3770.0,43.0,2836.0,53.0,1924.3,0.0,400.9,90.93761905,11.01350021
1994-05-01,3939.0,44.0,2765.0,55.0,1986.5,0.0,380.6,117.1663636,11.57999992
1994-06-01,4281.0,47.0,2794.0,48.0,2073.3,0.0,415.6,133.3613636,12.04818153
1994-07-01,4024.0,42.0,2563.0,37.0,1881.5,0.0,457.9,201.41,11.77428532
1994-08-01,4396.0,47.0,2955.0,47.0,2206.2,0.0,405.6,199.1395652,12.09478283
1994-09-01,4237.0,46.0,3047.0,46.0,2079.1,0.0,483.6,218.6804545,12.59409046
1994-10-01,4193.0,50.0,3227.0,46.0,2062.9,0.0,447.7,207.3138095,12.75809479
1994-11-01,3920.0,50.0,3243.0,48.0,1986.4,0.0,459.1,188.1163636,13.92590904
1994-12-01,4004.0,52.0,3245.0,51.0,1979.2,0.0,453.9,162.265,14.67476177
1995-01-01,3982.0,54.0,2966.0,48.0,2059.4,0.0,397.5,171.0881818,14.79500008
1995-02-01,3590.0,47.0,2680.0,47.0,1890.4,0.0,389.1,167.475,14.40750027
1995-03-01,4100.0,53.0,3239.0,60.0,2196.7,0.0,371.2,179.2108696,14.5934782
1995-04-01,3675.0,44.0,2781.0,54.0,1912.6,0.0,435.8,173.237,13.60526276
1995-05-01,4339.0,51.0,3020.0,46.0,2211.6,0.0,371.9,173.2456522,13.52227306
1995-06-01,4539.0,51.0,2901.0,44.0,2232.0,0.0,443.4,158.6031818,14.02045441
1995-07-01,4148.0,48.0,2573.0,38.0,1944.9,0.0,482.1,140.2966667,13.59238052
1995-08-01,4597.0,51.0,2979.0,45.0,2181.0,0.0,413.1,150.9917391,12.98086929
1995-09-01,4405.0,51.0,2849.0,42.0,2055.9,0.0,451.7,137.1380952,11.68999958
1995-10-01,4320.0,53.0,3119.0,44.0,2234.8,0.0,424.0,127.0859091,11.83727264
1995-11-01,4157.0,52.0,3188.0,46.0,2082.9,0.0,483.0,125.2604545,11.98409081
1995-12-01,3955.0,51.0,2984.0,45.0,2018.5,0.0,466.7,106.3680952,12.31000042
1996-01-01,4397.0,59.0,3073.0,45.0,2286.5,0.0,396.8,107.9617391,12.53363609
1996-02-01,4057.0,59.0,2808.0,47.0,2168.4,0.0,415.8,124.7804762,12.81857109
1996-03-01,4031.0,59.0,2818.0,54.0,2155.2,0.0,429.4,120.807619,12.89904785
1996-04-01,4268.0,56.0,2945.0,50.0,2201.7,0.0,424.7,121.8831818,11.98380947
1996-05-01,4565.0,59.0,2802.0,42.0,2299.4,0.0,436.6,129.5956522,11.37772751
1996-06-01,4334.0,56.0,2390.0,35.0,2069.8,0.0,485.2,125.03,12.17399979
1996-07-01,4350.0,63.0,2656.0,40.0,2233.3,0.0,456.1,123.7008696,12.80695629
1996-08-01,4487.0,63.0,2763.0,39.0,2277.8,0.0,489.0,125.5077273,12.36636353
1996-09-01,3831.0,61.0,2791.0,39.0,2117.0,0.0,481.6,119.812381,11.91571426
1996-10-01,4316.0,66.0,3154.0,46.0,2414.3,0.0,444.4,123.7769565,11.12391281
1996-11-01,3872.0,59.0,2834.0,42.0,2013.2,0.0,523.4,123.9138095,10.72476196
1996-12-01,3858.0,61.0,2831.0,44.0,2099.8,0.0,468.4,116.8936364,10.73799992
1997-01-01,4402.0,61.0,2898.0,39.0,2370.2,0.0,410.9,131.233913,10.69190502
1997-02-01,3801.0,53.0,2595.0,42.0,2097.8,0.0,442.1,166.3255,10.81299973
1997-03-01,3896.0,55.0,2820.0,52.0,2170.6,0.0,391.7,193.4080952,11.14099979
1997-04-01,4157.0,55.0,2870.0,43.0,2353.9,0.0,401.9,205.4409091,11.29909134
1997-05-01,4346.0,51.0,2643.0,43.0,2343.8,0.0,452.2,265.6059091,11.12818146
1997-06-01,4232.0,51.0,2602.0,41.0,2239.7,0.0,468.5,226.7609524,11.42904758
1997-07-01,4480.0,54.0,2685.0,40.0,2307.3,0.0,483.3,190.1582609,11.57217407
1997-08-01,4409.0,50.0,2680.0,37.0,2272.4,0.0,491.8,191.0990476,11.70142841
1997-09-01,4218.0,55.0,2956.0,41.0,2283.9,0.0,456.3,190.8645455,11.33136368
1997-10-01,4562.0,55.0,3279.0,43.0,2500.0,0.0,462.6,169.1491304,11.38227272
1997-11-01,3833.0,47.0,2922.0,40.0,2025.5,0.0,513.7,160.3115,12.01200008
1997-12-01,4011.0,52.0,3255.0,46.0,2305.6,0.0,453.5,176.7795652,12.32666683
1998-01-01,4279.0,47.0,3246.0,41.0,2368.5,0.0,460.4,176.9136364,11.51850033
1998-02-01,3922.0,42.0,2894.0,41.0,2144.9,0.0,433.7,178.374,10.71949959
1998-03-01,4130.0,45.0,3168.0,52.0,2332.6,0.0,410.9,158.39,9.842272758
1998-04-01,4149.0,39.0,3111.0,50.0,2383.2,0.0,440.9,150.255,9.676817894
1998-05-01,4217.0,37.0,2817.0,38.0,2259.6,0.0,446.9,138.937619,9.225500107
1998-06-01,4463.0,39.0,2866.0,39.0,2347.3,0.0,421.2,126.6631818,8.098636627
1998-07-01,4396.0,41.0,3035.0,35.0,2354.1,0.0,457.9,116.9413043,8.624761581
1998-08-01,4425.0,39.0,2986.0,33.0,2265.7,0.0,459.3,123.6471429,8.482380867
1998-09-01,4363.0,43.0,3156.0,37.0,2322.1,0.0,413.2,112.9440909,7.229090691
1998-10-01,4435.0,41.0,3488.0,40.0,2496.9,0.0,429.5,109.3872727,7.46272707
1998-11-01,3974.0,37.0,3340.0,38.0,2192.4,0.0,474.3,116.1219048,8.061429024
1998-12-01,4165.0,43.0,3565.0,46.0,2395.3,0.0,461.6,117.056087,8.076818466
1999-01-01,4306.0,35.0,3225.0,35.0,2425.7,0.0,431.1,114.227619,8.109000206
1999-02-01,3963.0,34.0,2974.0,40.0,2263.8,0.0,410.9,104.762,6.8155
1999-03-01,4427.0,40.0,3444.0,57.0,2607.4,0.0,363.8,105.1321739,6.025217391
1999-04-01,4278.0,35.0,3233.0,41.0,2528.1,0.0,431.7,102.8286364,5.421904762
1999-05-01,4273.0,33.0,2813.0,35.0,2476.0,0.0,439.3,111.3547619,5.7485
1999-06-01,4611.0,37.0,3144.0,34.0,2587.7,0.0,440.8,108.1172727,6.038636364
1999-07-01,4485.0,37.0,2958.0,34.0,2471.4,0.0,455.6,95.79181818,5.378181818
1999-08-01,4584.0,39.0,3105.0,37.0,2516.4,0.0,438.2,91.49954545,5.723478261
1999-09-01,4518.0,39.0,3212.0,38.0,2497.9,0.0,468.8,84.52409091,6.674545455
1999-10-01,4494.0,37.0,3373.0,39.0,2481.0,0.0,454.9,92.75904762,6.754285714
1999-11-01,4255.0,37.0,3390.0,43.0,2420.1,0.0,472.6,112.4509091,6.505
1999-12-01,4190.0,40.0,3384.0,47.0,2466.0,0.0,490.0,123.1652174,5.982
2000-01-01,4321.0,34.0,3122.0,38.0,2427.6,0.0,430.0,111.8514286,5.6295
2000-02-01,4318.0,35.0,3095.0,40.0,2487.9,0.0,399.9,104.0414286,5.351
2000-03-01,4568.0,38.0,3387.0,47.0,2687.9,0.0,414.9,100.6526087,5.1112
2000-04-01,4024.0,32.0,2776.0,46.0,2340.4,0.0,469.7,94.65,6.011
2000-05-01,4576.0,37.0,3062.0,34.0,2741.7,0.0,416.5,91.50608696,6.780869565
2000-06-01,4710.0,35.0,3055.0,34.0,2672.2,0.0,492.3,86.89409091,8.334545455
2000-07-01,4377.0,34.0,2798.0,31.0,2417.7,0.0,483.4,87.65619048,9.64047619
2000-08-01,4844.0,34.0,3263.0,35.0,2754.4,0.0,425.9,79.30391304,10.59782609
2000-09-01,4519.0,33.0,3087.0,34.0,2421.8,0.0,486.6,75.8352381,9.8575
2000-10-01,4655.0,36.0,3411.0,36.0,2632.5,0.0,427.8,76.76454545,10.41318182
2000-11-01,4307.0,36.0,3407.0,40.0,2553.3,0.0,499.6,71.39045455,9.5135
2000-12-01,3963.0,35.0,3136.0,41.0,2357.7,0.0,482.3,65.90333333,9.7175
2001-01-01,4377.0,35.0,3365.0,37.0,2622.2,42.7,403.4,65.6526087,10.05952381
2001-02-01,3733.0,31.0,2953.0,34.0,2322.2,39.7,461.2,67.2755,9.3625
2001-03-01,4161.0,32.0,3232.0,46.0,2588.6,44.4,409.3,66.66590909,8.716818182
2001-04-01,3849.0,30.0,3047.0,39.0,2515.7,42.2,462.0,65.99761905,8.052105263
2001-05-01,4559.0,31.0,3090.0,33.0,2835.6,45.6,428.8,69.63130435,8.959545455
2001-06-01,4510.0,31.0,2897.0,32.0,2636.6,44.0,488.3,63.84619048,8.742857143
2001-07-01,4327.0,31.0,2851.0,33.0,2592.8,42.5,463.9,58.94136364,8.536190476
2001-08-01,4821.0,34.0,3179.0,37.0,2850.7,46.6,470.1,59.33130435,7.904347826
2001-09-01,4211.0,29.0,3005.0,32.0,2438.7,40.9,494.9,58.267,7.160666667
2001-10-01,4742.0,35.0,3656.0,39.0,2897.2,47.0,429.1,56.36782609,6.596086957
2001-11-01,4372.0,32.0,3448.0,39.0,2500.7,39.4,541.3,58.84772727,7.278
2001-12-01,4188.0,31.0,3316.0,37.0,2464.8,40.9,493.0,56.5852381,7.41
2002-01-01,4627.0,33.3,3415.0,34.8,2779.9,48.0,419.8,58.24304348,7.313809524
2002-02-01,3943.0,28.200000000000003,2947.0,34.8,2453.6,40.8,482.7,59.116,5.683157895
2002-03-01,4087.0,29.6,3144.0,43.8,2585.1,42.8,448.2,64.07047619,5.9245
2002-04-01,4359.0,31.700000000000003,3326.0,37.5,2751.8,47.3,447.2,65.33681818,5.178181818
2002-05-01,4642.0,30.5,3274.0,38.1,2894.9,46.5,491.3,61.46043478,5.611818182
2002-06-01,4576.0,28.7,2940.0,29.5,2587.1,44.0,496.8,58.5555,5.246
2002-07-01,4825.0,32.9,3095.0,31.700000000000003,2826.5,48.3,452.9,56.4773913,5.794761905
2002-08-01,4907.0,32.9,3254.0,32.3,2828.3,49.2,485.6,54.36409091,5.856818182
2002-09-01,4371.0,32.0,3255.0,34.400000000000006,2596.4,46.4,481.9,60.66619048,6.4095
2002-10-01,4986.0,36.7,3641.0,38.5,2953.3,50.7,444.6,65.73086957,7.02
2002-11-01,4298.0,33.2,3400.0,34.900000000000006,2455.5,40.9,525.9,69.86809524,7.296842105
2002-12-01,4182.0,35.4,3409.0,36.3,2527.4,42.2,492.3,63.65590909,7.508
2003-01-01,4547.0,35.1,3486.0,31.4,2774.6,45.2,463.4,65.38347826,7.89047619
2003-02-01,3854.0,31.1,3029.0,29.4,2419.5,39.5,479.8,66.4085,8.348333333
2003-03-01,4066.0,32.5,3229.0,35.7,2592.4,41.1,431.4,61.74809524,7.843333333
2003-04-01,4272.0,31.5,3301.0,38.1,2733.6,43.5,468.5,64.69227273,7.261904762
2003-05-01,4692.0,31.1,3086.0,29.7,2781.2,44.0,474.4,66.09681818,7.013809524
2003-06-01,4755.0,29.5,3046.0,29.7,2759.8,44.5,481.7,61.04666667,6.404761905
2003-07-01,4850.0,29.1,3142.0,30.6,2888.1,46.5,482.5,62.95130435,6.732272727
2003-08-01,4628.0,27.8,3100.0,30.6,2742.3,41.4,493.5,63.89142857,6.709047619
2003-09-01,4599.0,30.0,3318.0,33.0,2817.2,40.2,455.6,66.41045455,6.271428571
2003-10-01,4390.0,32.0,3806.0,35.099999999999994,3052.8,43.7,459.6,64.28347826,6.09826087
2003-11-01,3538.0,29.9,3421.0,31.9,2423.9,33.9,528.4,62.2775,6.191111111
2003-12-01,3926.0,37.5,3720.0,35.2,2763.6,39.1,455.5,64.88434783,6.343809524
2004-01-01,3820.0,31.6,3501.0,30.3,2823.6,39.2,439.4,72.02863636,6.030526316
2004-02-01,3579.0,28.6,3128.0,28.9,2467.8,32.3,440.0,76.2255,5.873157895
2004-03-01,4184.0,27.7,3586.0,43.7,2903.2,45.1,398.0,78.05913043,6.496086957
2004-04-01,3885.0,27.4,3436.0,34.0,2814.2,42.2,470.9,75.53772727,6.86047619
2004-05-01,4113.0,27.1,2986.0,25.4,2771.4,39.2,449.2,77.44,6.6225
2004-06-01,4425.0,26.200000000000003,3329.0,30.5,2906.4,43.7,449.1,82.21454545,7.514285714
2004-07-01,4181.0,26.200000000000003,3138.0,27.7,2875.8,43.5,467.5,74.96772727,8.165714286
2004-08-01,4273.0,27.6,3380.0,29.6,2989.5,45.7,462.0,73.60818182,7.879090909
2004-09-01,4180.0,25.4,3527.0,31.9,2974.1,46.5,469.6,80.46590909,8.674285714
2004-10-01,4195.0,24.3,3543.0,31.8,2903.6,43.7,458.5,80.55095238,8.963809524
2004-11-01,3850.0,27.1,3583.0,32.3,2796.9,40.6,466.2,90.26772727,8.666
2004-12-01,4054.0,29.4,3697.0,33.2,2836.9,42.5,483.2,104.3882609,8.795238095
2005-01-01,3799.2,26.3,3396.3,28.2,2884.1,38.7,440.0,107.1642857,8.922
2005-02-01,3506.4,23.7,3245.2,29.7,2667.9,38.8,455.3,120.8325,9.323684211
2005-03-01,4052.0,26.200000000000003,3591.4,38.3,3036.4,46.5,409.2,134.7778261,8.895
2005-04-01,3748.1,25.6,3394.0,30.4,2855.4,44.4,463.1,129.5295238,8.525714286
2005-05-01,4120.7,26.1,3207.1000000000004,29.1,3023.2,45.1,446.0,128.3977273,8.511428571
2005-06-01,4426.0,26.1,3399.4,29.9,3055.4,48.1,461.0,121.1559091,9.033181818
2005-07-01,4139.4,24.5,2996.9,26.200000000000003,2814.3,42.0,490.0,109.9285714,9.5975
2005-08-01,4608.4,27.1,3486.7,30.0,3113.3,47.2,432.0,108.203913,9.875217391
2005-09-01,4285.4,26.2,3470.6,30.6,3011.1,42.2,488.4,99.49090909,10.81047619
2005-10-01,4127.1,24.6,3617.1,30.9,3044.7,41.6,454.5,105.0990476,11.61285714
2005-11-01,4114.0,24.5,3670.1,31.0,2942.2,40.2,484.3,107.7422727,11.808
2005-12-01,4084.3,26.6,3716.6,32.4,2916.8,41.6,482.8,105.9245455,13.92714286
2006-01-01,4069.1,23.3,3627.0,31.700000000000003,3001.6,43.1,437.7,124.1986364,16.187
2006-02-01,3624.8,22.4,3260.6,28.8,2713.9,37.3,447.9,119.1215,18.05263158
2006-03-01,4376.0,25.1,3739.7,36.0,3098.5,45.3,412.5,113.6604348,17.08217391
2006-04-01,3910.5,20.5,3223.8,33.099999999999994,2774.4,40.5,490.5,115.3375,17.46263158
2006-05-01,4587.9,25.2,3437.7,31.700000000000003,3158.6,45.4,432.6,109.6295652,16.90045455
2006-06-01,4863.799999999999,24.6,3312.5,28.200000000000003,3046.9,46.3,493.8,103.1495455,15.68909091
2006-07-01,4401.5,22.2,3092.7,25.8,2836.0,39.2,509.0,104.997619,15.857
2006-08-01,4869.9,25.4,3543.0,28.5,3133.9,46.3,456.9,111.73,12.97956522
2006-09-01,4310.0,23.9,3491.5,27.8,2900.6,39.7,501.0,109.8266667,12.3135
2006-10-01,4436.8,26.1,3848.4,30.6,3185.1,44.0,461.4,110.6331818,11.50909091
2006-11-01,4424.299999999999,25.6,3777.3,30.200000000000003,2912.3,40.6,540.9,122.2654545,11.732
2006-12-01,4069.0,26.0,3576.9,30.1,2737.8,36.9,506.0,128.3561905,11.6965
2007-01-01,4297.7,28.3,3782.8,29.5,3029.8,39.5,429.1,124.6943478,10.9035
2007-02-01,3876.7,24.0,3259.5,28.3,2667.9,36.3,482.4,122.032,10.57157895
2007-03-01,4206.7,26.8,3707.5,38.6,2927.8,39.5,445.3,117.0836364,10.36681818
2007-04-01,4003.1,23.5,3409.5,29.3,2885.4,38.6,481.9,114.6947619,9.594
2007-05-01,4542.299999999999,24.4,3511.9,30.4,3171.8,44.8,463.1,113.3269565,9.086363636
2007-06-01,4670.3,22.2,3295.3,26.8,3027.0,45.0,511.2,119.3280952,9.26047619
2007-07-01,4485.299999999999,21.2,3304.4,26.3,3055.0,44.6,507.2,117.6331818,9.895714286
2007-08-01,4872.2,20.4,3683.6,28.700000000000003,3181.2,47.4,505.2,123.1508696,9.613043478
2007-09-01,4161.4,18.5,3477.1,26.5,2894.7,35.8,522.2,128.0435,9.851052632
2007-10-01,4850.3,21.8,4273.0,31.9,3383.8,47.6,460.2,134.2908696,9.994782609
2007-11-01,4430.3,19.8,4075.9,31.5,3033.2,41.0,585.1,131.0454545,9.896
2007-12-01,4094.1,20.6,3930.1,29.9,2901.4,38.1,526.0,138.0428571,10.44631579
2008-01-01,4432.1,22.3,4302.5,28.9,3237.2,45.7,460.8,139.8226087,11.65952381
2008-02-01,4048.2,21.8,3791.2,29.5,2926.5,43.7,546.4,157.2895238,13.6075
2008-03-01,4171.9,22.4,3909.7,31.4,2981.6,45.1,502.8,149.2204762,12.8765
2008-04-01,4479.9,23.6,4016.1,29.9,3196.6,48.0,487.0,140.7045455,12.52272727
2008-05-01,4731.299999999999,22.7,3617.2,29.4,3165.4,50.0,519.2,142.0436364,10.9347619
2008-06-01,4497.6,23.2,3509.7,25.6,3077.3,49.8,518.9,146.1495238,12.0652381
2008-07-01,4713.5,24.4,3689.9,26.7,3226.7,51.1,522.0,147.3569565,13.20772727
2008-08-01,4505.6,22.2,3591.8,25.8,3080.5,47.9,546.0,146.4280952,13.68142857
2008-09-01,4508.9,25.3,3935.9,28.1,3149.7,49.0,506.9,143.2690909,14.02047619
2008-10-01,4646.3,26.7,4304.0,29.2,3270.6,50.6,515.4,123.5869565,11.70217391
2008-11-01,3892.4,22.3,3759.8,25.0,2662.7,38.6,581.8,121.886,11.82842105
2008-12-01,4133.3,26.3,4088.9,29.9,2931.5,39.8,508.5,118.7921739,11.32
2009-01-01,4204.3,23.7,4039.9,26.1,2871.6,38.3,492.1,127.8072727,12.244
2009-02-01,3940.5,21.8,3620.8,24.9,2704.3,37.1,469.2,129.4815,13.31210526
2009-03-01,4256.6,24.2,3924.9,31.200000000000003,2997.0,42.5,444.1,128.52,12.92818182
2009-04-01,4235.5,22.2,3835.8,30.2,2997.7,43.8,471.4,135.0781818,13.46952381
2009-05-01,4330.700000000001,20.3,3421.4,25.3,2890.4,40.6,475.0,150.492381,15.466
2009-06-01,4549.1,22.7,3681.9,26.700000000000003,3050.6,45.1,451.0,149.7813636,16.57590909
2009-07-01,4514.5,21.5,3642.6,27.0,3095.5,47.7,493.7,140.8978261,17.80454545
2009-08-01,4339.6,20.9,3722.4,25.9,3012.1,44.8,485.6,149.7619048,21.72
2009-09-01,4436.5,23.1,3988.5,28.700000000000003,3064.3,43.1,463.4,148.51,23.45142857
2009-10-01,4514.9,24.1,4162.6,27.700000000000003,3071.9,44.6,467.9,154.5722727,23.16090909
2009-11-01,4004.2,23.2,3830.1,27.8,2788.8,34.1,508.3,152.2104762,22.769
2009-12-01,4236.9,25.9,3954.9,30.9,2966.2,38.4,477.5,157.943913,24.90272727
2010-01-01,4132.9,22.9,3607.5,25.0,2831.2,37.8,456.3,158.6557143,21.90526316
2010-02-01,3882.4,21.2,3502.5,24.3,2739.5,34.7,424.2,157.8565,21.97894737
2010-03-01,4391.9,24.1,4065.2,34.7,3162.0,43.4,425.4,164.5026087,18.14782609
2010-04-01,4250.0,21.9,3685.0,25.200000000000003,3038.3,40.7,490.0,169.3895455,16.88571429
2010-05-01,4147.9,19.9,3230.0,24.4,3020.0,40.2,455.1,173.3690476,15.105
2010-06-01,4610.8,21.1,3650.4,27.4,3139.7,43.7,438.8,190.9031818,16.3
2010-07-01,4433.9,21.6,3392.0,24.700000000000003,3057.7,44.9,489.5,203.2136364,17.69
2010-08-01,4545.1,22.1,3616.2,24.700000000000003,3200.0,47.5,466.9,211.59,18.60363636
2010-09-01,4474.299999999999,22.3,3751.3,25.2,3238.3,45.6,481.1,222.7131818,22.66952381
2010-10-01,4436.200000000001,22.4,3991.5,25.4,3183.7,41.0,467.1,217.4390476,26.94380952
2010-11-01,4442.0,22.3,4123.0,27.9,3124.4,40.3,524.3,233.5127273,26.42047619
2010-12-01,4511.1,23.1,4096.5,28.9,3175.0,44.1,520.5,249.443913,28.04090909
2011-01-01,4216.0,21.3,3780.4,21.9,3127.5,39.8,461.4,263.7657143,29.73684211
2011-02-01,4014.5,20.7,3524.2,21.4,2852.4,37.4,463.0,288.3885,29.30631579
2011-03-01,4502.9,23.9,4094.5,27.7,3310.4,44.1,435.6,292.0673913,25.9
2011-04-01,4078.6,20.2,3569.3,28.1,2973.5,40.3,503.1,300.4771429,23.903
2011-05-01,4237.3,20.3,3507.0,25.200000000000003,3251.1,42.9,455.6,291.0659091,21.84095238
2011-06-01,4722.1,22.2,3627.1,24.4,3284.6,49.3,496.4,274.9809091,24.92454545
2011-07-01,4244.7,20.0,3262.4,21.1,3030.9,46.2,519.3,268.0214286,29.471
2011-08-01,4745.0,22.5,3768.3,25.4,3330.3,49.9,448.1,270.4404348,28.87434783
2011-09-01,4400.9,21.1,3893.6,22.9,3180.4,47.0,501.3,274.8804545,26.63857143
2011-10-01,4396.299999999999,20.9,4052.0,22.7,3096.8,43.4,473.2,247.8238095,26.29857143
2011-11-01,4268.6,21.3,4160.299999999999,24.4,2907.1,39.8,524.5,245.0872727,24.51761905
2011-12-01,4222.700000000001,21.3,4118.2,24.3,2857.5,41.4,511.4,236.2977273,23.4152381
2012-01-01,4194.799999999999,20.6,3961.4,23.7,3091.8,43.2,458.9,237.2068182,24.0205
2012-02-01,3990.1,19.4,3753.1,24.1,2953.6,38.8,476.7,224.157619,23.416
2012-03-01,4292.8,19.7,3962.8,27.8,3043.8,40.1,466.8,201.2559091,23.78818182
2012-04-01,3954.6,19.5,3671.1,25.1,2993.8,41.6,502.1,191.4485714,22.477
2012-05-01,4438.3,20.5,3840.7,26.5,3281.8,47.7,478.0,184.3647826,20.26545455
2012-06-01,4476.5,17.6,3489.0,24.200000000000003,3105.3,49.2,519.9,168.6866667,20.09809524
2012-07-01,4378.200000000001,18.7,3430.6000000000004,24.3,3127.0,43.4,506.6,190.4459091,22.75714286
2012-08-01,4707.2,20.0,3981.1,27.6,3317.5,51.0,497.2,174.8243478,20.56130435
2012-09-01,4001.6,17.4,3808.1,24.3,2927.1,43.7,530.1,178.977,20.20631579
2012-10-01,4652.4,20.3,4405.6,27.6,3335.5,43.8,453.1,173.3173913,20.38869565
2012-11-01,4386.3,19.9,4144.299999999999,24.1,3008.5,37.7,579.9,159.9063636,19.31333333
2012-12-01,4012.4,19.4,3894.7,24.700000000000003,2853.7,36.3,515.3,152.707619,19.202
2013-01-01,4489.200000000001,20.7,4117.0,24.1,3267.1,46.6,441.5,157.0373913,18.84571429
2013-02-01,3718.4,17.8,3545.1000000000004,22.4,2877.6,39.2,524.6,149.459,18.20789474
2013-03-01,4052.1,18.2,3852.4,26.9,2999.2,38.0,461.7,149.8080952,18.339
2013-04-01,4229.7,18.0,3869.7,25.9,3194.1,45.5,472.7,149.7868182,17.66227273
2013-05-01,4429.1,18.0,3786.7,27.9,3270.1,46.2,504.6,147.186087,17.42636364
2013-06-01,4289.2,16.700000000000003,3341.4,24.7,3002.0,42.9,508.0,138.2595,16.956
2013-07-01,4562.4,19.0,3667.4,27.3,3278.9,47.1,473.4,138.3873913,17.09636364
2013-08-01,4456.799999999999,17.8,3862.5,26.6,3296.2,50.3,514.5,135.1540909,17.24409091
2013-09-01,4120.9,17.0,3673.0,22.5,3108.0,44.7,485.0,132.2814286,17.619
2013-10-01,4602.0,19.6,4323.7,25.0,3475.3,46.8,440.6,128.6986957,18.8126087
2013-11-01,4088.5,18.0,4068.8,22.9,2968.3,35.9,518.1,122.0180952,17.7485
2013-12-01,4066.4,19.5,4119.3,25.3,3093.3,40.1,479.3,125.7354545,16.5447619
2014-01-01,4252.4,18.5,4160.0,24.1,3185.1,43.2,423.0,132.5182609,15.70761905
2014-02-01,3550.6000000000004,16.2,3677.9,22.5,3015.0,39.7,454.0,173.6435,16.88526316
2014-03-01,3848.9,17.299999999999997,3698.1,25.8,3098.6,41.5,421.4,214.0866667,17.88809524
2014-04-01,4060.6,16.700000000000003,3810.4,29.5,3210.9,44.4,457.1,223.4940909,18.2147619
2014-05-01,4118.5,15.4,3708.1,26.9,3201.2,45.9,471.2,214.2027273,18.24047619
2014-06-01,4113.1,15.0,3457.9,25.8,3205.6,43.5,471.0,197.8909524,18.24190476
2014-07-01,4148.200000000001,15.5,3588.1,26.700000000000003,3331.1,44.2,486.0,196.8952174,18.73045455
2014-08-01,4022.5,14.0,3492.4,22.3,3197.6,45.9,500.4,212.9652381,17.7247619
2014-09-01,4109.4,14.3,3731.9,23.6,3306.6,45.1,483.8,210.5263636,16.54428571
2014-10-01,4309.7,15.4,4240.1,25.700000000000003,3525.2,47.4,493.5,225.2856522,16.47565217
2014-11-01,3674.9,12.8,3770.6,22.1,2939.9,36.1,561.6,209.376,15.87894737
2014-12-01,3973.6,15.2,4217.4,26.0,3348.5,44.3,480.8,193.386087,14.99227273
2015-01-01,3899.7,13.5,4198.0,22.7,3328.1,41.4,474.9,189.6263636,15.0625
2015-02-01,3512.7,12.5,3879.8,22.3,3000.8,41.2,492.3,178.8885,14.51210526
2015-03-01,3840.5,13.7,4210.9,27.8,3389.0,43.9,434.5,160.7359091,12.84090909
2015-04-01,3832.7,13.1,4121.9,26.5,3346.3,46.4,501.9,163.9977273,12.91095238
2015-05-01,3828.1,13.1,3713.2,23.0,3246.5,40.4,496.6,158.4828571,12.7035
2015-06-01,3979.2,13.9,3980.4,25.8,3428.4,45.6,434.0,159.755,12.11363636
2015-07-01,4070.2,13.7,3933.4,24.700000000000003,3468.7,44.6,458.3,154.4465217,11.87863636
2015-08-01,3845.9,12.8,3884.9,22.3,3417.5,42.9,448.5,156.9233333,10.6747619
2015-09-01,4146.799999999999,13.5,4058.0,23.3,3486.3,45.6,450.3,146.1468182,12.13714286
2015-10-01,4222.8,14.3,4324.7,22.8,3466.8,47.6,452.3,153.2504545,14.14181818
2015-11-01,3847.3,14.0,4149.700000000001,22.700000000000003,3135.4,38.8,525.9,147.9785714,14.843
2015-12-01,4066.8,15.5,4401.7,25.5,3334.5,44.2,470.7,148.6121739,14.76272727
2016-01-01,3881.9,13.3,4156.9,21.5,3256.8,41.8,461.2,145.4347619,14.29105263
2016-02-01,3745.7,12.1,3989.6,24.1,3256.7,43.3,476.5,147.6971429,13.314
2016-03-01,4166.8,12.6,4277.0,27.5,3525.8,49.6,454.6,157.6313043,15.43045455
2016-04-01,3903.8,11.9,3988.5,24.700000000000003,3302.1,43.8,503.9,154.217619,14.99809524
2016-05-01,4035.9,11.8,3885.9,25.0,3466.4,45.0,484.8,155.1945455,16.68428571
2016-06-01,4361.7,12.7,4015.5,25.4,3484.8,49.0,500.0,165.4522727,19.33727273
2016-07-01,4026.6,11.1,3637.2,21.9,3246.2,43.7,535.4,171.7638095,19.687
2016-08-01,4504.4,12.0,4284.1,24.0,3637.3,53.0,479.2,167.5413043,20.01434783
2016-09-01,4334.9,12.2,4239.0,23.0,3454.8,47.3,539.1,176.2954545,21.35238095
2016-10-01,4391.4,13.1,4382.3,22.4,3417.1,44.6,496.4,178.9552381,22.91666667
2016-11-01,4455.7,13.2,4468.5,23.5,3336.9,44.9,517.9,184.1154545,20.86857143
2016-12-01,4320.1,13.4,4405.5,25.2,3311.5,42.4,514.7,161.7809091,18.83
2017-01-01,4209.0,12.5,4296.9,23.700000000000003,3496.9,42.8,478.8,168.6127273,20.5375
2017-02-01,3840.6,11.1,3963.9,21.6,3153.8,40.2,498.8,166.351,20.40578947
2017-03-01,4469.9,12.7,4522.2,26.4,3582.2,45.2,458.4,160.1504348,18.05956522
2017-04-01,3900.0,11.5,3965.1,21.9,3216.3,39.8,530.6,155.574,16.31684211
2017-05-01,4299.1,12.4,4179.700000000001,22.3,3647.9,45.9,436.2,150.0,15.68909091
2017-06-01,4534.9,12.5,4095.4,23.700000000000003,3542.5,49.2,523.2,143.2227273,13.53
2017-07-01,4192.1,11.2,3718.1,20.9,3357.6,43.1,522.2,149.8028571,14.119
2017-08-01,4775.799999999999,12.6,4406.6,24.5,3763.6,50.7,467.5,149.8773913,13.79608696
2017-09-01,4420.6,12.0,4316.1,21.4,3429.9,43.7,543.1,146.5604762,13.931
2017-10-01,4573.1,12.6,4619.0,22.8,3709.5,48.3,467.9,140.7095455,14.23181818
2017-11-01,4556.4,12.7,4478.3,23.8,3437.3,45.4,554.2,140.9040909,14.96666667
2017-12-01,4271.4,13.0,4459.1,24.6,3324.8,41.2,517.2,137.3061905,14.4325
2018-01-01,4527.4,13.1,4568.799999999999,24.4,3639.0,42.9,461.1,138.876087,13.97952381
2018-02-01,3940.3,11.4,4105.2,22.5,3256.7,38.8,509.5,136.2835,13.57263158
2018-03-01,4378.2,12.0,4582.0,27.4,3489.7,42.8,460.3,134.9390909,12.82571429
2018-04-01,4207.1,12.0,4273.3,24.0,3456.3,42.9,481.7,134.3395238,11.82428571
2018-05-01,4586.9,12.6,4338.4,26.2,3738.0,46.8,481.7,135.6095652,11.82727273
2018-06-01,4575.8,11.5,4007.3,23.6,3492.8,49.1,510.1,134.0338095,12.06190476
2018-07-01,4437.4,12.1,3959.4,23.1,3629.5,48.3,485.4,130.5986364,11.1552381
2018-08-01,4831.2,12.8,4618.8,25.4,3892.3,53.6,485.7,125.2108696,10.45521739
2018-09-01,4286.6,11.9,4013.3,21.5,3417.9,42.1,517.0,121.18,10.78368421
2018-10-01,4826.299999999999,14.2,4887.1,25.0,3909.0,50.9,428.2,137.3417391,13.18478261
2018-11-01,4603.7,13.3,4685.4,24.700000000000003,3450.7,44.5,572.9,137.1077273,12.79238095
2018-12-01,4207.4,12.8,4452.6,25.1,3228.7,36.8,497.4,127.0585714,12.5535
2019-01-01,4588.299999999999,12.9,4736.4,23.9,3711.3,45.7,448.1,128.3573913,12.68095238
2019-02-01,3947.9,12.1,4324.8,21.2,3263.1,39.2,510.5,128.454,12.92894737
2019-03-01,4207.1,11.4,4583.4,25.1,3409.8,41.7,458.2,123.8885714,12.47380952
2019-04-01,4495.7,11.9,4526.9,28.9,3590.1,42.6,477.5,120.9904545,12.53571429
2019-05-01,4628.9,12.5,4427.8,25.6,3827.9,46.1,483.6,120.5491304,11.825
2019-06-01,4426.799999999999,11.3,4246.1,21.700000000000003,3526.6,45.0,492.4,129.7235,12.4395
2019-07-01,4695.9,12.5,4409.9,22.7,3875.3,40.8,474.7,135.4704348,12.12863636
2019-08-01,4719.9,11.8,4503.1,23.8,3845.9,49.2,491.6,126.2795455,11.55545455
2019-09-01,4349.2,12.0,4462.5,20.6,3680.5,47.4,501.0,128.8942857,11.158
2019-10-01,4843.200000000001,14.0,5199.8,24.3,4100.1,46.5,460.8,127.0513043,12.4573913
2019-11-01,4568.8,12.0,4847.6,21.5,3427.1,42.5,551.3,140.9814286,12.687
2019-12-01,4504.299999999999,12.9,4875.9,23.1,3647.3,41.8,469.2,156.0290909,13.3352381
2020-01-01,4745.200000000001,12.6,5096.4,22.8,3957.1,46.6,446.7,142.9365217,14.16666667
2020-02-01,4235.5,10.1,4603.200000000001,20.4,3418.5,41.6,514.9,135.5005,15.07105263
2020-03-01,4790.4,11.4,5121.7,23.6,3862.1,47.1,446.7,148.3272727,11.805
2020-04-01,3599.3,9.4,4051.0,21.0,3600.3,46.1,507.0,154.6304545,10.05190476
2020-05-01,3693.2,10.2,3746.3,23.9,3560.1,43.7,441.3,149.9161905,10.641
2020-06-01,4710.4,11.0,4787.0,23.8,3780.0,46.5,427.5,141.52,11.82818182
2020-07-01,4807.7,11.4,4729.700000000001,22.8,3745.8,49.7,500.7,146.7808696,11.90181818
2020-08-01,4633.6,9.8,4667.8,20.4,3733.9,48.1,505.1,163.0714286,12.81428571
2020-09-01,4671.8,9.6,4658.5,20.3,3878.4,48.5,474.9,166.5645455,12.44142857
2020-10-01,4906.1,10.5,5184.4,19.8,3848.9,49.0,473.8,152.0568182,14.28772727
2020-11-01,4499.6,9.6,4801.299999999999,20.0,3478.1,40.0,522.8,150.7261905,14.9335
2020-12-01,4619.200000000001,11.1,5009.700000000001,22.7,3720.2,42.5,458.1,157.9526087,14.66772727
2021-01-01,4582.200000000001,9.1,4943.799999999999,19.9,3613.0,40.8,470.3,160.8195238,15.91631579
2021-02-01,4178.299999999999,9.3,4520.7,20.5,3270.8,39.8,447.1,166.429,17.00052632
2021-03-01,4920.5,9.6,5085.0,26.7,4009.5,46.3,420.6,167.0508696,15.80565217
2021-04-01,4655.9,8.399999999999999,4676.8,25.6,3696.7,44.8,521.9,168.6486364,16.23761905
2021-05-01,4387.1,7.1,4129.9,20.6,3611.6,44.9,460.6,186.4628571,17.20333333
2021-06-01,4760.7,8.1,4498.1,21.3,3923.6,50.3,451.0,192.0645455,17.21409091
2021-07-01,4603.2,7.699999999999999,4088.9,20.0,3750.4,48.0,487.5,204.5009091,17.7147619
2021-08-01,4684.6,8.5,4415.7,19.1,3902.0,47.0,458.6,216.4345455,19.38363636
2021-09-01,4559.7,8.7,4519.6,19.9,3928.5,45.8,474.2,225.5368182,19.26428571
2021-10-01,4688.4,9.0,4732.1,21.5,3827.8,44.3,470.5,241.0733333,19.61904762
2021-11-01,4722.9,9.1,4806.6,23.0,3665.3,40.6,485.5,258.9781818,19.74619048
2021-12-01,4689.3,10.4,4797.9,22.2,3700.1,44.7,453.3,268.3291304,19.16727273
2022-01-01,4495.3,9.1,4550.9,18.8,3690.3,42.6,427.6,271.0814286,18.461
2022-02-01,4464.299999999999,8.3,4327.0,17.299999999999997,3484.5,42.6,443.0,279.8335,18.20315789
2022-03-01,4971.299999999999,9.7,4901.4,23.6,3995.0,49.5,422.9,258.9934783,19.10782609
2022-04-01,4616.2,8.9,4393.3,23.1,3564.9,43.5,507.8,265.397619,19.69904762
2022-05-01,4539.0,8.7,4353.5,20.4,3778.9,47.4,420.3,260.4495455,19.28090909
2022-06-01,4871.1,9.1,4500.7,21.7,3934.9,52.4,412.8,273.7636364,18.79409091
2022-07-01,4462.200000000001,8.1,3931.1,19.3,3684.8,45.7,442.3,255.9066667,18.34
2022-08-01,4972.9,9.2,4594.9,22.0,4211.0,55.3,393.9,268.4834783,18.0626087
2022-09-01,4740.7,8.5,4507.1,20.4,4000.5,50.7,449.2,267.4922727,18.18590909
2022-10-01,4767.4,8.9,4664.700000000001,19.5,4068.5,48.2,420.6,240.082381,18.30095238
2022-11-01,4809.6,8.9,4691.1,21.1,3940.9,45.4,467.3,213.7181818,19.40590909
2022-12-01,4419.299999999999,8.9,4450.5,20.8,3851.6,46.0,428.2,210.3886364,20.065
2023-01-01,4612.0,8.7,4840.9,19.4,3971.9,46.5,414.2,206.76,19.94318182
2023-02-01,4151.6,7.5,4305.3,19.4,3585.0,43.8,445.2,229.506,21.4035
2023-03-01,4772.1,8.3,4966.5,24.4,3992.2,51.9,419.2,222.663913,20.96173913
2023-04-01,4104.2,7.1,4229.700000000001,20.7,3545.0,44.0,483.9,229.9555,24.582
2023-05-01,4575.1,8.3,4532.700000000001,21.3,4043.4,52.7,428.7,220.1213043,25.72956522
2023-06-01,4635.7,7.699999999999999,4393.5,20.4,3956.3,52.9,487.9,207.385,24.76227273
2023-07-01,4185.1,7.4,4003.6,17.6,3717.2,50.9,493.7,193.4942857,24.00809524
2023-08-01,4693.0,8.3,4577.4,19.4,4156.7,51.1,433.5,186.3469565,24.19304348
2023-09-01,4264.0,7.1,4361.7,18.8,3805.5,48.4,489.2,183.5890476,26.56380952
2023-10-01,4641.700000000001,8.2,4824.7,21.1,4177.3,50.6,431.2,183.9513636,26.90363636
2023-11-01,4528.200000000001,8.399999999999999,4765.6,21.3,3817.3,44.5,500.3,197.4331818,27.30954545
2023-12-01,4348.700000000001,7.6,4674.4,20.2,3615.0,41.5,449.2,210.3104762,22.14571429
2024-01-01,,,,,,,,203.8791304,22.47478261
