Date-Time,Signal,log_close_diff,1month_return,log_high_low,prev_month_volatility,prev2_month_volatilty,vol_ratio
1999-11-30,0,,,0.09419538096112356,0.7914594802992243,,
1999-12-31,0,-0.00900490961369993,-0.008964486840593033,0.051066982252991,0.3019507501041402,0.7914594802992243,0.3815113187980043
2000-01-31,0,-0.012737963791543905,-0.01265717930451793,0.07224625484892577,0.5249657307695632,0.3019507501041402,1.7385806479649648
2000-02-29,1,-0.08977157539269998,-0.08586002651140157,0.08472505266347019,0.6194985590572681,0.5249657307695632,1.1800742843711463
2000-03-31,0,0.06943085681043382,0.0718979441997063,0.09289414090016379,0.5977442611504225,0.6194985590572681,0.9648840217805339
2000-04-30,1,-0.04061367218492151,-0.039799989725499696,0.05382512258682226,0.3761863065855162,0.5977442611504225,0.629343234281339
2000-05-31,0,0.017645260269317564,0.017801857585139302,0.048577388355436124,0.3113204089762076,0.3761863065855162,0.827569753407377
2000-06-30,1,-0.0314273619322476,-0.030938655359113998,0.060513743645057794,0.42923938348088003,0.3113204089762076,1.3787704599658428
2000-07-31,0,0.0012233655277222866,0.0012241141445756831,0.03238302092282286,0.15182411598315154,0.42923938348088003,0.35370499964832414
2000-08-31,1,-0.022518826145406567,-0.022267169920358487,0.06355420471496709,0.36653033453382045,0.15182411598315154,2.414177300887401
2000-09-30,1,0.046227381224078545,0.047312523088289815,0.05261431728980526,0.27036516107561337,0.36653033453382045,0.7376337934470912
2000-10-31,1,0.01766965696311118,0.017826688888300968,0.07403320086087861,0.4156807158141314,0.27036516107561337,1.5374788458705204
2000-11-30,1,0.02091052072406452,0.021130677515885044,0.03536349704515018,0.20732097203724853,0.4156807158141314,0.49875051728392084
2000-12-31,1,0.04026322661945825,0.04108477935511878,0.05282058583301774,0.29397826429760143,0.20732097203724853,1.4179861371901321
2001-01-31,0,0.020201077404043755,0.020406500089645396,0.07018015400555289,0.37035383678263945,0.29397826429760143,1.2598000660610784
2001-02-28,0,-0.01310360804802313,-0.013018129542369028,0.03549507057661083,0.25270872941559563,0.37035383678263945,0.6823440297282793
2001-03-31,0,-0.044527535277761654,-0.04355073636510742,0.09354593186155657,0.6713638138160503,0.25270872941559563,2.656670449685771
2001-04-30,1,-0.0015579228592614847,-0.0015567099274100826,0.06209615925217271,0.3676715408123492,0.6713638138160503,0.5476487312035693
2001-05-31,0,0.017338270127732702,0.017489450404189366,0.042449603536235614,0.24952825460793565,0.3676715408123492,0.6786716591026253
2001-06-30,1,-0.006265527627133061,-0.006245940138909889,0.029927753773364874,0.18199329262454556,0.24952825460793565,0.7293494394472381
2001-07-31,1,0.037453495634387046,0.03816371681415953,0.05649270872272005,0.4036089528469493,0.18199329262454556,2.2177133400163247
2001-08-31,0,0.003239769763945244,0.0032450234900953667,0.04310760058340435,0.26028517555757846,0.4036089528469493,0.6448944546982832
2001-09-30,1,-0.08024924525941746,-0.07711370731550315,0.1272892935226504,0.9128084253407431,0.26028517555757846,3.5069551056272816
2001-10-31,1,0.05110408729982918,0.05243243243243234,0.07330739165861555,0.3662049708388881,0.9128084253407431,0.4011849153366295
2001-11-30,1,0.03712712080733915,0.03782494159749494,0.03925598159017518,0.21247073242367226,0.3662049708388881,0.5801961997865638
2001-12-31,1,0.047968808887116854,0.04913793103448283,0.04712136711129222,0.3169520299217736,0.21247073242367226,1.4917444219553162
2002-01-31,1,0.044972958316763734,0.04599957393712528,0.047547864323215894,0.24278255550988723,0.3169520299217736,0.7659914832216344
2002-02-28,1,0.03861009720417341,0.03936515325642631,0.06872097861106896,0.5737224764687685,0.24278255550988723,2.363112437233588
2002-03-31,1,0.022242977622738636,0.022492197013170845,0.02888437400809929,0.20885620674613217,0.5737224764687685,0.36403699578170806
2002-04-30,0,0.0024335901979455343,0.002436553782133366,0.0435803863724713,0.31112380630625497,0.20885620674613217,1.4896555441343937
2002-05-31,0,-0.02455060825353872,-0.02425169324885279,0.03883443033489842,0.26304229857340733,0.31112380630625497,0.8454586027868322
2002-06-30,0,-0.059208668862194,-0.05748992386923435,0.07749773852979347,0.676530135567052,0.26304229857340733,2.5719442813424642
2002-07-31,0,-0.055311949084905,-0.05381006117479359,0.16995026499140753,1.137075697772677,0.676530135567052,1.680746559529985
2002-08-31,0,-0.038765101687838754,-0.038023350699893266,0.08102017456893673,0.4143338207041579,1.137075697772677,0.36438543319126593
2002-09-30,1,-0.07618941024004311,-0.0733593252964877,0.0739165039023133,0.6106315381537872,0.4143338207041579,1.4737670632728521
2002-10-31,1,0.05022766096144826,0.05151045701006951,0.08443124258219648,0.5930336916007902,0.6106315381537872,0.9711809078741606
2002-11-30,0,0.049913638931735616,0.051180311401305856,0.05585398564946953,0.3628418916306986,0.5930336916007902,0.6118402660248031
2002-12-31,0,-0.027121619775837047,-0.026757131253284827,0.03565326901305976,0.1962098158973332,0.3628418916306986,0.5407584416879737
2003-01-31,0,-0.018498553820292418,-0.01832850573584044,0.07026757320617971,0.5233083961151758,0.1962098158973332,2.6670857098657947
2003-02-28,0,-0.04753900927036625,-0.04642672579058793,0.051544690755540135,0.29221079538975486,0.5233083961151758,0.5583911849284408
2003-03-31,1,-0.010685890286601385,-0.01062899898604952,0.10534368899766555,0.6030359812397629,0.29221079538975486,2.0637019259860847
2003-04-30,1,0.061869042599505875,0.0638230201081389,0.06376906551420225,0.3860618970830774,0.6030359812397629,0.6401971177397819
2003-05-31,1,0.04264473520212464,0.043567086336909755,0.0439078652730065,0.24961789028232054,0.3860618970830774,0.6465747906445292
2003-06-30,1,0.03161389876652665,0.032118925973674495,0.0813557808484906,0.5125593201754057,0.24961789028232054,2.053375739998826
2003-07-31,0,0.0582860746543048,0.0600181966783353,0.057222597291679556,0.3689520767987053,0.5125593201754057,0.7198231741692731
2003-08-31,0,-0.0145808287928606,-0.0144750432796521,0.06771611573698566,0.5926619921884473,0.3689520767987053,1.6063386804346267
2003-09-30,1,-0.04566562220221826,-0.04463863958431746,0.059882690287409,0.398056310149752,0.5926619921884473,0.6716413662362594
2003-10-31,1,0.07590751746036917,0.07886279357231141,0.050446410102392036,0.3332876201270553,0.398056310149752,0.8372876189342905
2003-11-30,1,0.02620607628109317,0.026552474793767322,0.028069635644366375,0.2185772532416205,0.3332876201270553,0.6558216988626666
2003-12-31,1,0.019896178576710444,0.020095426769720204,0.03649422711981609,0.2645260286734071,0.2185772532416205,1.2102175535209683
2004-01-31,1,0.0029988469547714836,0.003003347994485539,0.03059839309445156,0.21830423215562278,0.2645260286734071,0.8252656014624129
2004-02-29,1,0.03520697974299036,0.03583408328560922,0.04147357731135548,0.3906733632565665,0.21830423215562278,1.7895821780407204
2004-03-31,1,0.017019910179321585,0.017165574072611545,0.03645438572447057,0.3009785202285307,0.3906733632565665,0.7704096274177501
2004-04-30,0,0.010402545077182523,0.01045683965316413,0.03711881057252597,0.2726445935538572,0.3009785202285307,0.9058606353265349
2004-05-31,0,-0.00028180921702603,-0.00028176951253877647,0.05076050369632901,0.46495298979537814,0.2726445935538572,1.7053446163550392
2004-06-30,0,-0.0263379774524366,-0.025994158040381188,0.07447667337177277,0.7456445147479889,0.46495298979537814,1.6036987203289965
2004-07-31,0,-0.01675205464928098,-0.01661251923658713,0.04084321965113746,0.32345508030297776,0.7456445147479889,0.43379261015860665
2004-08-31,1,-0.02022618282233246,-0.0200230057246803,0.04434862757005975,0.31271338987202013,0.32345508030297776,0.9667907815178046
2004-09-30,1,0.020761056604874373,0.02097806652381018,0.028726519775150283,0.22431766024638436,0.31271338987202013,0.7173266879879615
2004-10-31,1,0.028290998503100795,0.028694989572750185,0.03511870328126365,0.2575469827644018,0.22431766024638436,1.148135115538916
2004-11-30,1,0.07094417014771937,0.07352128966023619,0.07780111047927596,0.6851514014713399,0.2575469827644018,2.6602967509741746
2004-12-31,0,0.056754820237078896,0.05839628123184171,0.052755950537430873,0.523962128331659,0.6851514014713399,0.764739190792674
2005-01-31,1,-0.022836321193868248,-0.022577545978588964,0.025004388399965105,0.21237306767151795,0.523962128331659,0.4053214081478222
2005-02-28,0,0.020420100428652166,0.020630017084415808,0.025887993195242487,0.2366353983207543,0.21237306767151795,1.1142439148016803
2005-03-31,0,-0.018935093461528663,-0.018756950734341693,0.05076685243179213,0.49518522949875066,0.2366353983207543,2.0926084305761283
2005-04-30,1,-0.03893238643458918,-0.03818426126073482,0.035552439803448355,0.4182513999443674,0.49518522949875066,0.8446362593806377
2005-05-31,0,0.04896542938867121,0.05018404460803949,0.04713788050895795,0.46801173907884486,0.4182513999443674,1.1189723193780015
2005-06-30,0,-0.006615392671575293,-0.006593559133814431,0.028462672888449614,0.26741456527102225,0.46801173907884486,0.5713843114220934
2005-07-31,0,-0.0027168384801861123,-0.002713151214513654,0.0596328256291736,0.5715464652117441,0.26741456527102225,2.1373049169273446
2005-08-31,1,-0.040763615700074585,-0.03994395469671308,0.053785312473049185,0.5436676840309477,0.5715464652117441,0.9512221964832412
2005-09-30,0,0.004332399604356496,0.004341798015178089,0.05277156174623476,0.43415987387296634,0.5436676840309477,0.7985758334097568
2005-10-31,1,-0.038362288520283894,-0.03763577578377597,0.06520426524400946,0.5062907013046744,0.43415987387296634,1.1661388621390958
2005-11-30,0,0.03301994145685816,0.03357114995029753,0.034731897071568874,0.3054502977273644,0.5062907013046744,0.6033101080866016
2005-12-31,1,-0.0024744190734522498,-0.002471360222057073,0.0254727912140722,0.18562251710982708,0.3054502977273644,0.6077012151924897
2006-01-31,1,0.09046331126502549,0.09468134443115517,0.09362924410003082,0.9700446842776573,0.18562251710982708,5.225899849767213
2006-02-28,1,0.02630760739324467,0.02665670709953627,0.02999838142511102,0.3345633734998824,0.9700446842776573,0.344894806314015
2006-03-31,1,0.03273132103280174,0.03327288325170774,0.047984926773939396,0.601389436222496,0.3345633734998824,1.7975351872242744
2006-04-30,0,0.03267081982387321,0.03321037088417356,0.03985359945125433,0.4811320269308406,0.601389436222496,0.8000340510684266
2006-05-31,1,-0.008622064057991707,-0.008585000661167186,0.0596034748842067,0.6806618803683318,0.4811320269308406,1.4147091489841148
2006-06-30,0,0.006881171487451709,0.00690490114602893,0.07659425454606428,0.6937965267928469,0.6806618803683318,1.019296873827292
2006-07-31,1,-0.04127213317905376,-0.040432035867128624,0.0776868507623174,0.8364351203954583,0.6937965267928469,1.205591391847945
2006-08-31,1,0.0069312813541499985,0.006955358280593016,0.03643396086745332,0.38499497924748677,0.8364351203954583,0.4602807436701904
2006-09-30,1,0.03929087895753902,0.0400729749965727,0.0496342706413504,0.5599602915571014,0.38499497924748677,1.4544612832395962
2006-10-31,1,0.026139000314980176,0.02648362010402816,0.05089810649606363,0.5012722198619904,0.5599602915571014,0.8951924402855157
2006-11-30,1,0.01731774300332134,0.017468564486018412,0.05276413703164584,0.5720462809486645,0.5012722198619904,1.1411888755897135
2006-12-31,1,4.3685185147079864e-05,4.368613935867849e-05,0.025005657359524314,0.25458962223359416,0.5720462809486645,0.44505074276750883
2007-01-31,1,0.013000973970686669,0.013085854075253422,0.02756108647158939,0.3165908793812157,0.25458962223359416,1.2435341103210147
2007-02-28,1,0.0029087589400469405,0.0029129934840934624,0.050828711140239236,0.6769757736027092,0.3165908793812157,2.1383299952477284
2007-03-31,1,0.015472436080431695,0.015592753955514738,0.05208424160914804,0.5585740931588496,0.6769757736027092,0.8251020419626642
2007-04-30,1,0.039873249277525336,0.04067885903514723,0.05754471171804898,0.7696509752071278,0.5585740931588496,1.3778851984605938
2007-05-31,0,0.0368466471308726,0.03753389983728095,0.03273515070376476,0.3231279201089027,0.7696509752071278,0.41983695274594146
2007-06-30,0,-0.043049173408684194,-0.0421357125431292,0.05318299267803228,0.679162104857432,0.3231279201089027,2.1018366491776272
2007-07-31,1,-0.01813759013891625,-0.01797409401833794,0.07211153914829449,0.8052644676651608,0.679162104857432,1.185673437763728
2007-08-31,1,0.059416473429255934,0.06121711745090774,0.06299827873771457,0.711624888581527,0.8052644676651608,0.8837157445241078
2007-09-30,1,0.030125815673045953,0.030584189440424403,0.0594650026200374,0.8551618347071253,0.711624888581527,1.2017031000864917
2007-10-31,0,0.026807007537398952,0.02716954765272339,0.056809626017421344,0.6585869249099516,0.8551618347071253,0.7701313344222193
2007-11-30,0,-0.017122783429661226,-0.016977021708018625,0.06781509157047427,0.9450031238273076,0.6585869249099516,1.4348950580160964
2007-12-31,0,-0.054980967431783156,-0.05349683783194359,0.08572487773590964,0.8448505201982003,0.9450031238273076,0.8940187591936368
2008-01-31,0,-0.0742388625631869,-0.07155010456914002,0.09958225432993206,1.0848988089666673,0.8448505201982003,1.284131077663481
2008-02-29,1,-0.01943163570401296,-0.01924405841366783,0.05600550398639248,0.5991650891993182,1.0848988089666673,0.5522773960550335
2008-03-31,1,0.038088240527327955,0.03882289511434123,0.0866448039003318,0.9249914167387305,0.5991650891993182,1.543800587538943
2008-04-30,1,0.005763597035183032,0.005780238516811309,0.06013300692320911,0.6469869384523141,0.9249914167387305,0.6994518292217403
2008-05-31,0,0.009695764803894225,0.009742921013412786,0.041005489957503194,0.3934824952375872,0.6469869384523141,0.6081768763042635
2008-06-30,1,-0.128234721342392,-0.1203531169861447,0.12042800573627765,1.3494272794873414,0.3934824952375872,3.42944678815394
2008-07-31,1,0.015710833586684902,0.01583489759750001,0.08477658325530335,0.9302565918958099,1.3494272794873414,0.6893714141077851
2008-08-31,0,0.013147558886018818,0.01323436806408651,0.06045378850847616,0.5845687854892001,0.9302565918958099,0.6283952090012953
2008-09-30,0,-0.11727120041031913,-0.1106560299946,0.13717008874287684,1.0579273233253659,0.5845687854892001,1.8097567807012356
2008-10-31,0,-0.19604805410752757,-0.17802726543704883,0.32691018345007006,2.130545504813987,1.0579273233253659,2.0138864531044325
2008-11-30,1,-0.04463296365574898,-0.04365156794425096,0.23499628430050024,1.3477894929175602,2.130545504813987,0.6326030070102786
2008-12-31,0,0.07582096473932465,0.07876941910285917,0.16496254583880532,1.1570315249185228,1.3477894929175602,0.8584660520048248
2009-01-31,0,-0.105130883675836,-0.09979330748551107,0.1350347041286768,1.1459995822844802,1.1570315249185228,0.9904653050531017
2009-02-28,1,-0.05690421155711434,-0.055315445104748284,0.11505273462711552,0.8359324898411453,1.1459995822844802,0.7294352482875822
2009-03-31,1,0.09717139705793931,0.1020492454328834,0.2123220096430205,1.6486739685779594,0.8359324898411453,1.9722573157687193
2009-04-30,1,0.0979223637969544,0.10287715858967306,0.08248969939596362,0.7036533835159999,1.6486739685779594,0.4267995958733589
2009-05-31,1,0.03495835736034669,0.035576583759198144,0.06645116906965809,0.48665091869868743,0.7036533835159999,0.6916060237883043
2009-06-30,1,0.003389299870956375,0.0033950500422803565,0.07237876797604859,0.7026263123175039,0.48665091869868743,1.4437994162146828
2009-07-31,1,0.0795297685307439,0.08277779175366651,0.10555027302069053,1.1311700943440688,0.7026263123175039,1.6099170704454258
2009-08-31,1,0.004693728883173431,0.004704761683491654,0.046435634955438676,0.34353925264370594,1.1311700943440688,0.3037025592892057
2009-09-30,0,0.031446949088301146,0.0319466284340022,0.07345866596518169,0.6973828448713453,0.34353925264370594,2.0299946498242525
2009-10-31,1,-0.04427047214919355,-0.043304836920594614,0.060970396379000036,0.6150292256489158,0.6973828448713453,0.8819104601897366
2009-11-30,1,0.049288616135172436,0.050523505024242965,0.062014491308372666,0.5753048226314781,0.6150292256489158,0.9354105441484921
2009-12-31,0,0.037171191283403626,0.03787068004459293,0.047576586502565466,0.550521157337868,0.5753048226314781,0.95692081081426
2010-01-31,1,-0.016221605758228286,-0.016090744062644213,0.05129329438755059,0.5003389461639551,0.550521157337868,0.9088459898315682
2010-02-28,1,0.058218028792127896,0.05994606928023227,0.06636397369100866,0.7929725673589038,0.5003389461639551,1.5848707629868495
2010-03-31,1,0.06545863534811502,0.06764857348851594,0.0646234989070571,0.6711264283133009,0.7929725673589038,0.846342554507999
2010-04-30,0,0.04718193898028522,0.04831272067761283,0.06768140257183974,0.7309896156213064,0.6711264283133009,1.0891980777131005
2010-05-31,0,-0.04218758212210183,-0.041310069386928494,0.07841337941084658,0.9566773797127519,0.7309896156213064,1.3087427772823033
2010-06-30,1,-0.0740437344357483,-0.07136892020311614,0.09907881049817702,0.9512219139018718,0.9566773797127519,0.9942974863558307
2010-07-31,0,0.07205475483727541,0.07471418825329224,0.0915445492792144,1.0006321704118448,0.9512219139018718,1.051943984666306
2010-08-31,1,-0.01832598410884012,-0.018159084351255128,0.042434464212739886,0.5565626389256882,1.0006321704118448,0.5562110187768754
2010-09-30,1,0.05024358707714516,0.05152720362061869,0.047860175658201776,0.5590013078983119,0.5565626389256882,1.0043816612939218
2010-10-31,1,0.07093616661558544,0.07351269773248115,0.08311576800022769,0.9992582845999131,0.5590013078983119,1.787577722057295
2010-11-30,0,0.05176396888145307,0.05312714239844496,0.053130609193673184,0.6834990096590075,0.9992582845999131,0.6840063477008544
2010-12-31,1,-0.0008573572489596337,-0.0008569898232458906,0.022410723850126768,0.2840086015484007,0.6834990096590075,0.41552159920478954
2011-01-31,1,0.01721170666151073,0.017360681561389146,0.034649542136059086,0.45097945693761066,0.2840086015484007,1.5879077410997176
2011-02-28,1,0.043931393788268824,0.04491066506696062,0.06373059432901629,0.8246229873271239,0.45097945693761066,1.8285156333433694
2011-03-31,1,0.055324074960059644,0.056883068520357405,0.07171891061297675,0.9408736513309471,0.8246229873271239,1.1409743189195223
2011-04-30,0,0.018985035816252438,0.019166397510056665,0.020976329161209506,0.3396322710322616,0.9408736513309471,0.36097543017792283
2011-05-31,1,-0.0037523766959459692,-0.003745345328041827,0.024496623372937343,0.3874187387902784,0.3396322710322616,1.1407006101416008
2011-06-30,0,0.009189924886221057,0.009232281899088202,0.0683299531489423,0.9719802073621154,0.3874187387902784,2.5088621433158864
2011-07-31,0,-0.003638520618910679,-0.0036319092237598882,0.04479399344124202,0.625933751695659,0.9719802073621154,0.6439778783092696
2011-08-31,0,-0.03584240576166309,-0.035207672785051214,0.13137995965800897,1.7346814800220187,0.625933751695659,2.7713499636706826
2011-09-30,1,-0.07122190779388937,-0.06874478359365699,0.07805436166745361,0.9281418883709118,1.7346814800220187,0.5350503242584516
2011-10-31,1,0.10489068129580836,0.11058919554762459,0.15863706554368662,2.167872119782157,0.9281418883709118,2.3357119713530414
2011-11-30,1,0.008602033864995917,0.00863913767139568,0.07866217508279671,1.1317441440668052,2.167872119782157,0.5220530001467664
2011-12-31,1,0.012522524998890727,0.012601260126012592,0.04704233756137821,0.771010594307281,1.1317441440668052,0.6812587441687433
2012-01-31,1,0.06845939588080752,0.07085714285714295,0.0677501892978869,1.2494174023158668,0.771010594307281,1.62049317031553
2012-02-29,1,0.0375992886987806,0.0383150849177174,0.0403483617971343,0.5785193436552659,1.2494174023158668,0.46303128368705854
2012-03-31,1,0.028731175102241657,0.02914789670706175,0.05865331785560102,0.8886640564039519,0.5785193436552659,1.5361008515101582
2012-04-30,0,0.008337321060578162,0.008372173312618747,0.04202659903534034,0.5983025498413249,0.8886640564039519,0.6732606607972901
2012-05-31,0,-0.04777852163994112,-0.04665509103581511,0.07681016087010839,1.1420414756832253,0.5983025498413249,1.9088026216604037
2012-06-30,0,-0.01499016897762484,-0.014878375691812384,0.05123377118836636,0.8055467506461998,1.1420414756832253,0.7053568261733071
2012-07-31,1,-0.06320833835251705,-0.06125212387133738,0.09981950517476523,1.9270500651062705,0.8055467506461998,2.3922262284099767
2012-08-31,1,0.009929595149010595,0.009979057155934168,0.04186759241594995,0.5637509793308475,1.9270500651062705,0.2925460991070611
2012-09-30,0,0.04965591118518109,0.05090942797701192,0.06782256258934183,1.12617729806127,0.5637509793308475,1.9976502735268022
2012-10-31,1,-0.045927657841562386,-0.04488894551322875,0.06412746554023974,1.1149511076472935,1.12617729806127,0.9900315958834345
2012-11-30,1,0.020233763373223468,0.020439853610151326,0.04952701169342344,0.8382373044908439,1.1149511076472935,0.7518153026993665
2012-12-31,1,0.021669945708388205,0.021906444195665564,0.038660516294719116,0.6490536554201729,0.8382373044908439,0.7743077669567766
2013-01-31,1,0.05943601039461566,0.06123785061550113,0.04337481461278525,0.7540566504434895,0.6490536554201729,1.161778605122163
2013-02-28,1,0.016977504024090706,0.01712244090594406,0.021823069163851017,0.412553749499996,0.7540566504434895,0.5471124076120242
2013-03-31,1,0.026498467312824125,0.026852673416552175,0.025436184534169293,0.37944956876090163,0.412553749499996,0.9197578963245013
2013-04-30,0,0.026719486679385618,0.02707965282648117,0.049862826392795156,0.96117574959432,0.37944956876090163,2.5330790406036146
2013-05-31,0,-0.001060836776761498,-0.0010602742883484284,0.04536407573733836,0.7175967837082242,0.96117574959432,0.7465822811396332
2013-06-30,1,-0.002247615021857108,-0.0022450910265580104,0.04383111088212299,0.7883271418234684,0.7175967837082242,1.0985656007956737
2013-07-31,0,0.053332097605355955,0.05477987683185437,0.054338428834208585,0.9967312954851436,0.7883271418234684,1.2643625249025658
2013-08-31,1,-0.015638364963479923,-0.015516720665592842,0.037531926422057715,0.7729915231237984,0.9967312954851436,0.7755264900632589
2013-09-30,1,0.0019156412018466185,0.0019174772146473007,0.05342061976710255,1.1154800265065548,0.7729915231237984,1.4430688993828786
2013-10-31,1,0.06853969359242384,0.07094313368756922,0.0872640254559931,2.366815794051409,1.1154800265065548,2.1217912807132646
2013-11-30,1,0.024616422605925337,0.024921908240885804,0.030953754486076512,0.6382302647446582,2.366815794051409,0.2696577681916531
2013-12-31,0,0.021912319644732392,0.02215415770155671,0.041854179516496615,0.9627875596594172,0.6382302647446582,1.5085269578129568
2014-01-31,1,-0.027781935931916912,-0.02739956711457603,0.06511964432520045,1.4339729762002749,0.9627875596594172,1.4893970760356916
2014-02-28,1,0.030966541759503308,0.031450992773808695,0.054430718224676156,1.1960593389403857,1.4339729762002749,0.8340877818420889
2014-03-31,0,0.025113388069523346,0.025431385618010616,0.05115055925974499,0.8946640191289229,1.1960593389403857,0.7480097266089863
2014-04-30,1,-0.038098163415707376,-0.03738155766119711,0.05983385950067177,1.2519408123922504,0.8946640191289229,1.3993418597645013
2014-05-31,1,0.023392301343258204,0.023668047136026216,0.0364110767331427,0.790921106153931,1.2519408123922504,0.6317559890412171
2014-06-30,1,0.02085937318817166,0.021078450533557502,0.025719023307344102,0.5653223542925249,0.790921106153931,0.7147645320044101
2014-07-31,1,0.0057448387790648425,0.005761372010451016,0.043744067105912166,1.023999700551866,0.5653223542925249,1.8113554024116998
2014-08-31,0,0.023115267129603545,0.02338449534213205,0.025239163098686568,0.6640580124966975,1.023999700551866,0.648494342467889
2014-09-30,1,-0.01989942552063617,-0.019702738764371452,0.03349294149980775,0.7179570432539355,0.6640580124966975,1.0811661477505417
2014-10-31,1,0.008213394871480872,0.008247217334806711,0.0439434631505895,1.0656818582086942,0.7179570432539355,1.48432537604032
2014-11-30,1,0.03892252565337895,0.03968993123171427,0.03955302193128141,0.9057048693557496,1.0656818582086942,0.8498829762178272
2014-12-31,1,0.015220447285140715,0.015336868202464604,0.060878856430226946,1.3769454330244473,0.9057048693557496,1.520302561698606
2015-01-31,1,0.0003608556327066026,0.00036092074893279147,0.05911313895414949,1.1820989212545039,1.3769454330244473,0.858493657702931
2015-02-28,0,0.022007035590355883,0.022250976584249127,0.04208486593509164,0.9594729741492497,1.1820989212545039,0.8116689364127055
2015-03-31,0,-0.008666985675210626,-0.008629535625973572,0.03865513613897953,0.8567927500111062,0.9594729741492497,0.8929826822593012
2015-04-30,1,-0.02362855657657814,-0.023351587978305277,0.03230207810694541,0.7224446704409859,0.8567927500111062,0.8431965261513023
2015-05-31,1,0.0037596477789696436,0.003766724120084941,0.020969650820336305,0.5559220285754676,0.7224446704409859,0.7695011830264156
2015-06-30,1,0.014132159123976251,0.01423249015898076,0.038166810093064996,0.9768132545621049,0.5559220285754676,1.7571047815197351
2015-07-31,0,0.06748952036825084,0.0698190482294927,0.0680289626775874,1.835758968213529,0.9768132545621049,1.8793346216790234
2015-08-31,1,-0.054886950812333524,-0.053407846621077226,0.09463478739035658,2.578242498343889,1.835758968213529,1.4044558915340117
2015-09-30,1,0.005990589239183386,0.006008568703498085,0.037328404746564736,0.8278541959368355,2.578242498343889,0.3210924482350284
2015-10-31,0,0.003949390640233474,0.003957199760485253,0.04224396709304479,1.0217869921639529,0.8278541959368355,1.2342596041415899
2015-11-30,0,-0.026757493121402298,-0.02640268305543303,0.06052390821172793,1.4590572628126486,1.0217869921639529,1.427946601397459
2015-12-31,0,-0.053204181608957235,-0.051813609506856206,0.05579328312133924,1.3074661972948365,1.4590572628126486,0.8961034159649173
2016-01-31,1,-0.014386905478853684,-0.014283908481860674,0.05031736205867787,1.0612219547661537,1.3074661972948365,0.8116630142804723
2016-02-29,1,0.024759104162589196,0.025068156127401986,0.07895984964092317,1.9486899487668128,1.0612219547661537,1.836269915086913
2016-03-31,0,0.010219857772677088,0.010272258877603857,0.03543497879959112,0.8131610508115678,1.9486899487668128,0.41728600864707055
2016-04-30,0,-0.01581409600101935,-0.015689709733490598,0.022747412013872648,0.5793765567062353,0.8131610508115678,0.7124991490037478
2016-05-31,1,-0.010157648959358667,-0.010106234274531611,0.044719390936322156,0.9632505166918452,0.5793765567062353,1.6625638465041446
2016-06-30,1,0.00980347199766296,0.009851683447006598,0.04565609734589593,0.9828030691395166,0.9632505166918452,1.0202985122861101
2016-07-31,0,0.02750075623052428,0.02788239242299939,0.05302318595202493,1.2746889891215814,0.9828030691395166,1.2969932931096995
2016-08-31,0,-0.00693473957291868,-0.006910749752863654,0.02705207508514018,0.598920922025972,1.2746889891215814,0.4698565117744547
2016-09-30,0,-0.003829204961631305,-0.0038218829051788195,0.04724715926088141,1.0801710686400312,0.598920922025972,1.8035286945497455
2016-10-31,1,-0.03251239547708007,-0.0319895491944171,0.04301008829026731,0.9219707770090382,1.0801710686400312,0.853541447068961
2016-11-30,1,0.03486563936826581,0.03548057162880114,0.0743929846068303,1.873439225937446,0.9219707770090382,2.031994150633562
2016-12-31,1,0.006913157694873107,0.006937108730147967,0.02781787734171992,0.6111050045122689,1.873439225937446,0.32619419730921856
2017-01-31,1,0.033344014069471406,0.0339061563334484,0.038031659218360936,0.8204463680206942,0.6111050045122689,1.3425620179227682
2017-02-28,1,0.024055822181023423,0.02434749760610022,0.04143583534996953,1.1736883806888492,0.8204463680206942,1.4305485726268035
2017-03-31,1,0.027209469776353856,0.027583027808151472,0.0404178197808891,0.9749225427776453,1.1736883806888492,0.8306485425078961
2017-04-30,1,0.02654557621546516,0.02690104845860941,0.043226644194792385,1.271199613353722,0.9749225427776453,1.3038980612059248
2017-05-31,0,0.0361002781124915,0.03675980559483771,0.03662869259683976,1.150567795822377,1.271199613353722,0.9051039535694241
2017-06-30,0,-0.0229598028532898,-0.022698232273742902,0.038139053644845156,1.1604275653630767,1.150567795822377,1.0085694815868302
2017-07-31,0,-0.028533615942162527,-0.028130376716037242,0.027558563952425175,0.7641656184913735,1.1604275653630767,0.6585207395105959
2017-08-31,1,-0.032214590247399144,-0.031701227690085654,0.051891645221181726,1.5817708160585369,0.7641656184913735,2.0699319333174016
2017-09-30,0,0.030219410236266953,0.03068065103156714,0.03550947829381368,0.9944452210857246,1.5817708160585369,0.6286910916485913
2017-10-31,1,-0.004837144703509821,-0.004825464559505832,0.031814850952224916,0.8918825459408913,0.9944452210857246,0.8968644295631926
2017-11-30,1,0.055908368636744754,0.057500779058896834,0.06544575889686133,1.4974762566177238,0.8918825459408913,1.679006124105682
2017-12-31,1,0.006629867192980754,0.006651893412543242,0.018607185419074135,0.5316704267793324,1.4974762566177238,0.35504431167422335
2018-01-31,0,0.023129487571817542,0.023399048425686964,0.04963334770548222,1.3018282628864848,0.5316704267793324,2.448562487803752
2018-02-28,0,-0.054944792514789675,-0.053462597539301604,0.09076010271114576,2.0219053791203634,1.3018282628864848,1.5531275796987878
2018-03-31,1,-0.00951796293804108,-0.00947281049543891,0.05502594654803161,1.3191837840241982,2.0219053791203634,0.6524458551062926
2018-04-30,0,0.03331941537641825,0.03388072390606611,0.06113107024529363,1.5267210037592331,1.3191837840241982,1.1573224460824847
2018-05-31,1,-0.013296114224972122,-0.013208111362044583,0.02175441926593713,0.6039147298815771,1.5267210037592331,0.39556325510329826
2018-06-30,1,0.016936759108905797,0.01708099918263195,0.04142146165222371,1.1538008140513012,0.6039147298815771,1.9105359696683542
2018-07-31,1,0.004794652950221412,0.0048061656911901895,0.024816782989597996,0.6328317980759868,1.1538008140513012,0.5484757770745076
2018-08-31,1,0.05242953097799408,0.053828297212414444,0.06724421130129432,1.7957402414593233,0.6328317980759868,2.8376264386823706
2018-09-30,0,0.003960869474388673,0.003968724084824071,0.022025600773650567,0.6081521264422753,1.7957402414593233,0.3386637512494878
2018-10-31,1,-0.039941369247085134,-0.039154227388046525,0.06960197093906384,2.0764171615612605,0.6081521264422753,3.4143055187662
2018-11-30,0,0.05179630333932206,0.053161195244199266,0.046260738205812224,1.3843597753906438,2.0764171615612605,0.6667059977243407
2018-12-31,1,-0.09250381006919195,-0.08835426247549372,0.15874764855168877,4.050877506143377,1.3843597753906438,2.926173945642335
2019-01-31,1,0.10705750643328482,0.1129982571990471,0.12454711873940472,3.5416354690560192,4.050877506143377,0.8742884631008802
2019-02-28,1,0.0497848361161326,0.051044925136743746,0.05360261661997168,1.8190009772693487,3.5416354690560192,0.513604800144545
2019-03-31,1,0.07026819515191551,0.07279586132429428,0.07806192144156476,2.5029383345092087,1.8190009772693487,1.3759961461189396
2019-04-30,0,0.03269344202464186,0.033233744641002705,0.04379075402745691,1.641954814355407,2.5029383345092087,0.6560108939629036
2019-05-31,1,-0.04498689257828481,-0.04398998742262428,0.06580194289418895,2.307239502598782,1.641954814355407,1.4051784387894684
2019-06-30,1,0.06734958757071485,0.06966935593089163,0.07145472569304001,2.170040695327551,2.307239502598782,0.9405355156598627
2019-07-31,1,0.014844299583533171,0.014955023392659417,0.03035069084979103,1.0233228976761348,2.170040695327551,0.4715685285900466
2019-08-31,0,0.027521864558540443,0.027904089530694343,0.055944539675730987,1.8485184635052814,1.0233228976761348,1.8063882550689367
2019-09-30,0,-0.005743395108801508,-0.005726933345661767,0.020397430152359952,0.8415272400851594,1.8485184635052814,0.45524416266278483
2019-10-31,1,-0.03116933059266014,-0.03068857489930299,0.03367232065768988,1.2181299868380489,0.8415272400851594,1.447522942590401
2019-11-30,1,0.02781295360636893,0.028203344706213773,0.04347428685151389,1.6264328669944084,1.2181299868380489,1.335188267728478
2019-12-31,0,0.01886744875574209,0.019046563774788527,0.03042838733571429,1.0876688152026988,1.6264328669944084,0.6687449800572913
2020-01-31,0,-0.008318212737310482,-0.008283712133134613,0.029876469474432454,0.9687460994297585,1.0876688152026988,0.8906627512798758
2020-02-29,0,-0.09377580793685425,-0.08951313671065764,0.14725030679393925,5.0547051429193495,0.9687460994297585,5.217781156378069
2020-03-31,1,-0.12480068084380402,-0.1173271813462965,0.33019513194193806,10.22625121929259,5.0547051429193495,2.0231152817326175
2020-04-30,1,0.15489203241434168,0.16753189869963903,0.2014003635934598,6.741699621073494,10.22625121929259,0.6592542542231674
2020-05-31,1,0.06668641478985915,0.06896021549682962,0.0916887290250008,3.9253790240275612,6.741699621073494,0.5822536221811846
2020-06-30,1,0.008455983288297553,0.0084918361006594,0.06541671945905314,2.369691253788503,3.9253790240275612,0.6036846987981115
2020-07-31,1,0.06759040142587303,0.06992697815049342,0.0743610780343813,3.1936454116017057,2.369691253788503,1.3477052786922854
2020-08-31,0,0.08830443506521934,0.09232061211159848,0.09089805880683866,3.8738114040195546,3.1936454116017057,1.2129747998782139
2020-09-30,0,-0.018954562211776604,-0.01877605412423977,0.08412935345269723,3.0979028390924666,3.8738114040195546,0.7997040939778359
2020-10-31,1,-0.0376524128714788,-0.036952374319393355,0.08722981592686274,3.702465295401634,3.0979028390924666,1.195152168325032
2020-11-30,1,0.08652892059914041,0.09038290178859709,0.08605275561715331,3.324893518319895,3.702465295401634,0.8980215216194806
2020-12-31,1,0.0405323055273632,0.04136495100303428,0.05371744031702974,3.04429296830213,3.324893518319895,0.9156061544612847
2021-01-31,1,0.01656688856823152,0.016704880445463477,0.0703637769481249,2.9661123722925096,3.04429296830213,0.9743189644283075
2021-02-28,1,0.032655145341792924,0.03319417597365404,0.04610637908780113,2.0380424289544035,2.9661123722925096,0.6871089740201581
2021-03-31,1,0.04000635361488669,0.040817387124225446,0.08677948248681666,4.236179071637053,2.0380424289544035,2.0785529346464
2021-04-30,1,0.044453119391456575,0.045455963949794675,0.04569767811728376,1.9413569249217992,4.236179071637053,0.4582801841215769
2021-05-31,1,0.000922934998600411,0.0009233610341641274,0.03672461260524251,2.0336691922819026,1.9413569249217992,1.0475503840510016
2021-06-30,1,0.026974168633455697,0.027341264791958197,0.05384415435513468,2.4120288599842197,2.0336691922819026,1.1860477943700245
2021-07-31,1,0.07584542598133392,0.07879580746543668,0.08911408248258734,6.109631846777263,2.4120288599842197,2.5329845542632663
2021-08-31,0,0.018482922204091423,0.01865478864244663,0.02279643236322748,1.4934696209228264,6.109631846777263,0.24444510870333516
2021-09-30,1,-0.050722228420400306,-0.04945733239645478,0.053268983301776096,2.759800726318988,1.4934696209228264,1.8479121956385598
2021-10-31,1,0.010108823209499462,0.010160089966077646,0.022871116024028026,1.3596951742032393,2.759800726318988,0.492678750765022
2021-11-30,1,0.003304983091480196,0.003310450569746104,0.049589982947667366,3.1022053875234112,1.3596951742032393,2.2815447508970212
2021-12-31,0,0.06755039808564067,0.06988417835363614,0.08082896798670358,4.664009534940147,3.1022053875234112,1.50344962770617
2022-01-31,0,-0.09126236204244798,-0.0872217988716475,0.1218497900021509,7.903877762227828,4.664009534940147,1.6946530025327784
2022-02-28,1,-0.02693423784276483,-0.02657474603587584,0.10736394224052859,5.234075808241351,7.903877762227828,0.6622161887744134
2022-03-31,0,0.04224243620277068,0.04314734477878268,0.10531352840872721,6.237008857792682,5.234075808241351,1.1916160725016927
2022-04-30,1,-0.069936093793741,-0.06754659243829153,0.08820244272252165,4.861282637612421,6.237008857792682,0.7794253220497847
2022-05-31,0,0.008588474858373552,0.008625461619364838,0.09122561393809914,4.875265394827037,4.861282637612421,1.002876351419362
2022-06-30,1,-0.05524274427170894,-0.053744578010980204,0.11389971102178009,6.8519428237919255,4.875265394827037,1.4054502204253883
2022-07-31,0,0.08412437682205276,0.08776417804714876,0.10509162932689708,4.850380395146237,6.8519428237919255,0.7078839564020171
2022-08-31,0,-0.011481644143809255,-0.011415981612557413,0.06482248088653009,4.0185258452352945,4.850380395146237,0.8284970492740369
2022-09-30,1,-0.07520415901907995,-0.07244590153829555,0.11793623734116387,6.60409283296728,4.0185258452352945,1.6434118100292059
2022-10-31,1,0.10123268971270605,0.10653409090909083,0.08537989610120267,4.985459625403667,6.60409283296728,0.7549045344300005
2022-11-30,0,0.06398695642393992,0.06607849319490433,0.09714481509409723,5.3347510506081175,4.985459625403667,1.0700620306750892
2022-12-31,1,-0.06080343085518525,-0.058991805226698335,0.0645608004391045,4.144357256680955,5.3347510506081175,0.7768604790299507
2023-01-31,0,0.05427210045749664,0.05577183907508365,0.07304086799074305,4.237392459899845,4.144357256680955,1.022448644616463
2023-02-28,1,-0.03272254969207555,-0.0321929592963196,0.04712176138265178,3.0253631648079966,4.237392459899845,0.7139681286164142
2023-03-31,1,0.051793646140597005,0.05315839678933121,0.06429968162528876,3.2092746231446263,3.0253631648079966,1.060789878212291
2023-04-30,0,0.06517471341639425,0.06734548767152337,0.09020134502982913,5.471788993668385,3.2092746231446263,1.704992447267358
2023-05-31,1,-0.026428050756495125,-0.026081886013704647,0.03262429406722589,2.019867256394459,5.471788993668385,0.36914202260571893
2023-06-30,0,0.04872820328584382,0.04993494308774493,0.03927869545213003,2.4735365552865898,2.019867256394459,1.2246035215709907
2023-07-31,0,-0.014825926897605868,-0.014716563979381814,0.04543314029419676,3.1506400242713437,2.4735365552865898,1.2737390185471922
2023-08-31,0,-0.018692529552920334,-0.0185189077158614,0.04555217150260216,3.1384808074854087,3.1506400242713437,0.9961407153174386
2023-09-30,0,-0.05768196325323238,-0.05604988947491529,0.0614127751112683,4.317303471919116,3.1384808074854087,1.3756029546595174
2023-10-31,1,-0.015138244922466626,-0.015024237707520927,0.03956288409544406,2.200746109019047,4.317303471919116,0.5097501538479474
2023-11-30,1,0.09582960454586953,0.10057151563252908,0.08369197964904362,5.457334689936951,2.200746109019047,2.4797656883598824
2023-12-31,1,0.0742198401849734,0.07704355692630638,0.0698588736360346,5.80759247262883,5.457334689936951,1.064181107187312
2024-01-31,1,0.01016050845845573,0.01021230169109022,0.04203799376661799,2.5975881590882377,5.80759247262883,0.44727452405289536
2024-02-29,0,0.017753147237674405,0.017911671065557133,0.0292449294875059,2.5079416174393203,2.5975881590882377,0.9654885470064725
