Date-Time,Index,Signal,1m_pct_change,3m_pct_change,6m_pct_change,Return,3m_volatility,6m_volatility
2000-05-31,21.137407407407405,0,0.017801857585139302,0.04755873715124803,-0.06298126652108971,0.017801857585139302,0.19349825758269035,0.18415313995731888
2000-06-30,20.483444444444444,1,-0.030938655359113998,-0.05294278815692588,-0.08375772435844342,-0.030938655359113998,0.10744425217218449,0.18657811837324068
2000-07-31,20.508518518518517,0,0.0012241141445756831,-0.012480204305830966,-0.07087605080792658,0.0012241141445756831,0.08584757331220898,0.18771493564789332
2000-08-31,20.05185185185185,1,-0.022267169920358265,-0.05135708153002394,-0.006240822320117467,-0.022267169920358265,0.057645100899928144,0.1430305954873698
2000-09-30,21.000555555555554,1,0.04731252308828959,0.025245320068781663,-0.0290340257204994,0.04731252308828959,0.12261578646455039,0.11463425180372695
2000-10-31,21.374925925925925,1,0.017826688888300968,0.042246221082477,0.02923877530638741,0.017826688888300968,0.12098153257266665,0.1000154052847383
2000-11-30,21.826592592592593,1,0.02113067751588482,0.08850757295899525,0.03260500078849171,0.02113067751588482,0.0559610542591484,0.1011298221645595
2000-12-31,22.723333333333333,1,0.041084779355119005,0.08203486680246552,0.10935118334047544,0.041084779355119005,0.0435894779327403,0.08905318551093332
2001-01-31,23.187037037037037,0,0.020406500089645174,0.08477742179743308,0.13060516858396687,0.020406500089645174,0.04065173665505894,0.08454383632556974
2001-02-28,22.885185185185183,0,-0.013018129542368917,0.04850013065950787,0.14130033247137042,-0.013018129542368917,0.09457189699470048,0.07349578714079302
2001-03-31,21.888518518518516,0,-0.043550736365107645,-0.03673821980995229,0.0422828320238442,-0.043550736365107645,0.11081492715657427,0.10523018422115676
2001-04-30,21.854444444444443,1,-0.0015567099274098606,-0.05747144796741477,0.022433692644375558,-0.0015567099274098606,0.07519444760661764,0.10414727386152156
2001-05-31,22.236666666666665,0,0.017489450404189366,-0.02833791875708047,0.018787819140090534,0.017489450404189366,0.10818649528159886,0.10283583797536103
2001-06-30,22.097777777777775,1,-0.006245940138909778,0.009560229445506607,-0.027529216175248283,-0.006245940138909778,0.043545697091374416,0.0806928047673736
2001-07-31,22.94111111111111,1,0.03816371681415931,0.04972291423051489,-0.010606181614887022,0.03816371681415931,0.07698066882683116,0.0962154499578976
2001-08-31,23.015555555555554,0,0.0032450234900953667,0.03502723229900573,0.005696714678750769,0.0032450234900953667,0.08101371692196825,0.0942527844553382
2001-09-30,21.24074074074074,1,-0.07711370731550315,-0.03878385626173231,-0.029594409380869324,-0.07711370731550315,0.20477170348520696,0.13548149811171079
2001-10-31,22.354444444444443,1,0.05243243243243234,-0.025572722429408556,0.022878641517108056,0.05243243243243234,0.22653533560457612,0.15781391585354648
2001-11-30,23.2,1,0.03782494159749494,0.008013903640050168,0.043321840803477896,0.03782494159749494,0.24579045598244795,0.16426930671248594
2001-12-31,24.34,1,0.04913793103448283,0.1459110723626853,0.1014682220434433,0.04913793103448283,0.026541147599727578,0.17122615261123367
2002-01-31,25.459629629629628,1,0.04599957393712528,0.13890683764931988,0.10978188921715826,0.04599957393712528,0.020231541175108548,0.17385802422457608
2002-02-28,26.46185185185185,1,0.03936515325642631,0.14059706257982119,0.14973769753146016,0.03936515325642631,0.017284212943509354,0.17371205725606592
2002-03-31,27.057037037037038,1,0.022492197013170623,0.11162847317325553,0.27382737576285976,0.022492197013170623,0.04198354344264374,0.037211395582726875
2002-04-30,27.122962962962962,0,0.00243655378213381,0.06533218894109782,0.21331411435293335,0.00243655378213381,0.0640413450347534,0.060748589658166124
2002-05-31,26.465185185185184,0,-0.0242516932488529,0.00012596750038484927,0.14074074074074083,-0.0242516932488529,0.08123401543473896,0.09961325349272447
2002-06-30,24.9437037037037,0,-0.05748992386923435,-0.07810660607222064,0.02480294592044796,-0.05748992386923435,0.10400216563188067,0.13799808398241792
2002-07-31,23.60148148148148,0,-0.05381006117479359,-0.1298339523705485,-0.07298409973669284,-0.05381006117479359,0.06311922811107393,0.13859810621196098
2002-08-31,22.70407407407407,0,-0.038023350699893266,-0.14211542767577257,-0.14200736210057807,-0.038023350699893266,0.03582482625290987,0.11024064845050409
2002-09-30,21.03851851851852,1,-0.0733593252964877,-0.15655995723703742,-0.22243819640266105,-0.0733593252964877,0.061319247484118204,0.0937084693823669
2002-10-31,22.12222222222222,1,0.05151045701006951,-0.06267654258991895,-0.18437295171509727,0.05151045701006951,0.22296814282324165,0.15417679492364336
2002-11-30,23.25444444444444,0,0.051180311401305856,0.024241040113538004,-0.12131941334527552,0.051180311401305856,0.24941007452879033,0.19535233140313202
2002-12-31,22.63222222222222,0,-0.026757131253284827,0.07575170762622352,-0.092667933717408,-0.026757131253284827,0.1562060775784511,0.18579808091758157
2003-01-31,22.217407407407407,0,-0.01832850573584044,0.004302695462916617,-0.05864352520243543,-0.01832850573584044,0.14816721874595715,0.17437883868131
2003-02-28,21.185925925925925,0,-0.04642672579058793,-0.08895153455333105,-0.06686677215706094,-0.04642672579058793,0.04994886680636976,0.17810502518995827
2003-03-31,20.96074074074074,1,-0.01062899898604952,-0.07385405927307842,-0.0036969227519189074,-0.01062899898604952,0.06527280626428524,0.14360776439514356
2003-04-30,22.298518518518517,1,0.06382302010813867,0.0036507910047176573,0.007969194709526173,0.06382302010813867,0.1948311415678074,0.15480717148043038
2003-05-31,23.27,1,0.04356708633690998,0.09837068633963852,0.0006689282813321373,0.04356708633690998,0.13334632851698058,0.14929572293930765
2003-06-30,24.017407407407404,1,0.032118925973674495,0.14582817966568884,0.06120411736789544,0.032118925973674495,0.055614976643593154,0.14633205980631947
2003-07-31,25.458888888888886,0,0.06001819667833508,0.1417300601268976,0.1458982779602247,0.06001819667833508,0.04858124562050697,0.15092254815521183
2003-08-31,25.09037037037037,0,-0.014475043279651989,0.07822820671982678,0.18429425544561373,-0.014475043279651989,0.1303733874383119,0.11856346208668676
2003-09-30,23.970370370370368,1,-0.04463863958431746,-0.001958456058105962,0.143584125525674,-0.04463863958431746,0.18661264007551426,0.15116681598891546
2003-10-31,25.860740740740738,1,0.07886279357231141,0.015784343676806367,0.15975151978208157,0.07886279357231141,0.2230443826774206,0.16193149031272466
2003-11-30,26.547407407407405,1,0.026552474793767322,0.058071563533301784,0.14084260452975528,0.026552474793767322,0.2147423954828096,0.15924400775097702
2003-12-31,27.080888888888886,1,0.020095426769720204,0.12976514215080348,0.12755254676392136,0.020095426769720204,0.11163929703118013,0.15851095924393296
2004-01-31,27.16222222222222,1,0.003003347994485761,0.05032653528872588,0.0669052502945926,0.003003347994485761,0.0421519631583702,0.14480293166899474
2004-02-29,28.135555555555555,1,0.03583408328560922,0.059823097742682574,0.12136868209730767,0.03583408328560922,0.056880605579402235,0.14050352194772475
2004-03-31,28.618518518518517,1,0.017165574072611323,0.05677914177553123,0.19391223733003704,0.017165574072611323,0.057042774537701686,0.09066097221529845
2004-04-30,28.917777777777776,0,0.01045683965316413,0.06463225067495704,0.11821150320806595,0.01045683965316413,0.04555271337970823,0.0402115533229364
2004-05-31,28.909629629629627,0,-0.00028176951253877647,0.027512308137850994,0.08898127737939121,-0.00028176951253877647,0.03048719870708561,0.04544420997742605
2004-06-30,28.158148148148147,0,-0.025994158040381188,-0.01608645011000387,0.03977931683406655,-0.025994158040381188,0.0648863604076431,0.07105640287285872
2004-07-31,27.690370370370367,0,-0.01661251923658713,-0.04244473475242716,0.019444217186179058,-0.01661251923658713,0.045074060323007814,0.07852634636164058
2004-08-31,27.135925925925925,1,-0.0200230057246803,-0.06135338731167361,-0.03552905247084226,-0.0200230057246803,0.016449998462468838,0.060974524232909305
2004-09-30,27.705185185185183,1,0.02097806652381018,-0.01608639036131909,-0.031914067555325554,0.02097806652381018,0.07881334254326709,0.06456565295534779
2004-10-31,28.500185185185185,1,0.028694989572750185,0.029245358728799964,-0.014440687517610518,0.028694989572750185,0.0907092265722693,0.07879509697887058
2004-11-30,30.595555555555553,1,0.07352128966023597,0.1274925955750883,0.05831710566772563,0.07352128966023597,0.09828263710789208,0.13335763775699722
2004-12-31,32.38222222222222,0,0.05839628123184193,0.16881450189829406,0.15001249556078755,0.05839628123184193,0.07899784535936069,0.1319444157182499
2005-01-31,31.65111111111111,1,-0.022577545978588964,0.11055808604232586,0.14303675565780338,-0.022577545978588964,0.17900007142010632,0.13655721349849628
2005-02-28,32.30407407407407,0,0.020630017084415808,0.055842049196203725,0.19045409256554802,0.020630017084415808,0.1403562959514207,0.11630019915882503
2005-03-31,31.698148148148146,0,-0.018756950734341582,-0.02112498856253997,0.14412330891396175,-0.018756950734341582,0.0828592021180474,0.13562031702554278
2005-04-30,30.487777777777776,1,-0.03818426126073493,-0.036754897142455945,0.06973963781911752,-0.03818426126073493,0.10380629042120323,0.16003880696340766
2005-05-31,32.01777777777777,0,0.05018404460803949,-0.008862544570688358,0.04648460197559556,0.05018404460803949,0.1608678881268998,0.14081669720861592
2005-06-30,31.806666666666665,0,-0.006593559133814431,0.0034234971081381627,-0.01777381279165513,-0.006593559133814431,0.15511689933502448,0.11244317443060117
2005-07-31,31.720370370370368,0,-0.002713151214513654,0.040429072973990676,0.0021882094128109486,-0.002713151214513654,0.10988054585027027,0.1073453293308097
2005-08-31,30.453333333333333,1,-0.03994395469671308,-0.0488617434758466,-0.05729124866717872,-0.03994395469671308,0.0709004820541034,0.11438715509903001
2005-09-30,30.585555555555555,0,0.004341798015178089,-0.038391671906658265,-0.03509960857626915,0.004341798015178089,0.08242733684673359,0.11448509193595906
2005-10-31,29.43444444444444,1,-0.03763577578377597,-0.07206491914297397,-0.034549364043879205,-0.03763577578377597,0.08635591798133493,0.11411112658540438
2005-11-30,30.42259259259259,0,0.03357114995029753,-0.0010094376337809186,-0.049821858226910876,0.03357114995029753,0.12399111249675557,0.09561104746638002
2005-12-31,30.347407407407406,1,-0.002471360222057184,-0.007786294668265081,-0.04587903770465074,-0.002471360222057184,0.12333713904432342,0.09595048936597796
2006-01-31,33.22074074074074,1,0.09468134443115517,0.128634882287066,0.04729990075310875,0.09468134443115517,0.17013034080049816,0.17436773361085142
2006-02-28,34.10629629629629,1,0.02665670709953627,0.12108447669251654,0.11995281183109552,0.02665670709953627,0.1727104143439176,0.1539690322731015
2006-03-31,35.24111111111111,1,0.03327288325170774,0.16125607166394107,0.1522141897046536,0.03327288325170774,0.12993940261062095,0.1524002996243662
2006-04-30,36.41148148148148,0,0.03321037088417356,0.09604664645023209,0.23703647779749115,0.03321037088417356,0.01317028501397809,0.10987854283361445
2006-05-31,36.09888888888889,1,-0.008585000661167186,0.058423013020296066,0.1865816096711752,-0.008585000661167186,0.08365332552950747,0.12734821004930072
2006-06-30,36.34814814814815,0,0.00690490114602893,0.031413227396454024,0.19773487270863344,0.00690490114602893,0.07319518944239553,0.12229576250154706
2006-07-31,34.87851851851852,1,-0.040432035867128624,-0.04210108736560503,0.049901890831252294,-0.040432035867128624,0.08360569735602905,0.10090886715688928
2006-08-31,35.12111111111111,1,0.006955358280593016,-0.02708609067684442,0.029754471315169395,0.006955358280593016,0.09472437147663305,0.09613692605376406
2006-09-30,36.52851851851852,1,0.0400729749965727,0.004962298756877814,0.03653140797259091,0.0400729749965727,0.14016703203836994,0.10124432959004004
2006-10-31,37.495925925925924,1,0.026483620104028383,0.07504353735717628,0.029783035469072683,0.026483620104028383,0.057668017361214755,0.09733332987038311
2006-11-30,38.150925925925925,1,0.01746856448601819,0.08626762419985856,0.056844880831461,0.01746856448601819,0.039418299524991866,0.09541109190796083
2006-12-31,38.15259259259259,1,4.368613935867849e-05,0.04446044186683151,0.04964336661911539,4.368613935867849e-05,0.04656109365656658,0.09636069820712556
2007-01-31,38.65185185185185,1,0.013085854075253422,0.03082804057724786,0.10818502314913148,0.013085854075253422,0.031398492970478,0.0496107407554811
2007-02-28,38.76444444444444,1,0.0029129934840934624,0.016081353299516987,0.10373627764244353,0.0029129934840934624,0.02374102616627149,0.051919461027578585
2007-03-31,39.36888888888888,1,0.015592753955514738,0.03187978099638866,0.07775761201293752,0.015592753955514738,0.023261468794099596,0.03384019661704904
2007-04-30,40.97037037037037,1,0.04067885903514723,0.05998466845534689,0.09266191882574892,0.04067885903514723,0.06657851897570621,0.04994297801892763
2007-05-31,42.508148148148145,0,0.037533899837280726,0.09657570893525946,0.11421013033031557,0.037533899837280726,0.04734167971307162,0.059504459948937764
2007-06-30,40.71703703703703,0,-0.04213571254312909,0.03424399789267696,0.06721547004232509,-0.04213571254312909,0.16257546660486283,0.1039076464701826
2007-07-31,39.98518518518518,1,-0.01797409401833794,-0.024046284577834087,0.03449597546952843,-0.01797409401833794,0.14150737315389378,0.11160970811621748
2007-08-31,42.43296296296296,1,0.06121711745090774,-0.0017687240790436043,0.09463616907437133,0.06121711745090774,0.18727967989870437,0.13551069298567925
2007-09-30,43.730740740740735,1,0.030584189440424403,0.07401579100567601,0.11079438548957632,0.030584189440424403,0.13832954236115824,0.1370998463977449
2007-10-31,44.91888518518518,0,0.02716954765272339,0.12338819933308631,0.09637488700054231,0.02716954765272339,0.06495033589129436,0.1330839861363282
2007-11-30,44.1562962962963,0,-0.016977021708018625,0.04061308032713917,0.03877252291499689,-0.016977021708018625,0.09189829346367519,0.13430210199031067
2007-12-31,41.794074074074075,0,-0.05349683783194381,-0.04428616195065749,0.0264517537476352,-0.05349683783194381,0.13992628275780808,0.14482295534744857
2008-01-31,38.803703703703704,0,-0.07155010456913968,-0.13613831813213262,-0.029547980733604873,-0.07155010456913968,0.09631031910004696,0.18067929495250915
2008-02-29,38.05696296296296,1,-0.019244058413668053,-0.1381305463756689,-0.10312737302411645,-0.019244058413668053,0.09203364387200727,0.14306019366033984
2008-03-31,39.534444444444446,1,0.03882289511434123,-0.054065789940094255,-0.09595758556147449,0.03882289511434123,0.19125842525531775,0.1499790198174966
2008-04-30,39.76296296296296,1,0.005780238516811309,0.024720817027775066,-0.11478295155737106,0.005780238516811309,0.10089404029883092,0.13780038720871673
2008-05-31,40.15037037037037,0,0.009742921013412786,0.05500721141213272,-0.09072151113049609,0.009742921013412786,0.06250063841756831,0.14399055692441892
2008-06-30,35.31814814814815,1,-0.1203531169861447,-0.10664867953870516,-0.15494842437347134,-0.1203531169861447,0.2563213035476617,0.2050116454725627
2008-07-31,35.877407407407404,1,0.01583489759750001,-0.09771795827123697,-0.07541280901021297,0.01583489759750001,0.26649302654335405,0.19558160269572727
2008-08-31,36.35222222222222,0,0.01323436806408651,-0.09459808497684641,-0.044794450424218035,0.01323436806408651,0.2698130991339558,0.19790250910935842
2008-09-30,32.32962962962963,0,-0.1106560299946,-0.08461707861869361,-0.18224145845629225,-0.1106560299946,0.2504218370993385,0.22711402702178388
2008-10-31,26.574074074074073,0,-0.17802726543704894,-0.2593089636519422,-0.331687779433681,-0.17802726543704894,0.3360616804864974,0.2943460184890591
2008-11-30,25.414074074074072,1,-0.043651567944250846,-0.30089352120711954,-0.36702765529583237,-0.043651567944250846,0.23274582435083369,0.2720847791611983
2008-12-31,27.415925925925922,0,0.07876941910285917,-0.15198762744873417,-0.2237439570465295,0.07876941910285917,0.44494553225524963,0.3252371999427154
2009-01-31,24.68,0,-0.09979330748551118,-0.07127526132404172,-0.3121019108280254,-0.09979330748551118,0.31630188211574234,0.32087990888548784
2009-02-28,23.314814814814813,1,-0.055315445104748284,-0.08260223265032496,-0.3586412772157186,-0.055315445104748284,0.32199900117300895,0.29892319202902823
2009-03-31,25.694074074074074,1,0.1020492454328834,-0.06280480391229737,-0.2052468782220186,0.1020492454328834,0.367375399934676,0.3693314050880237
2009-04-30,28.337407407407404,1,0.10287715858967328,0.14819316885767453,0.06635540069686408,0.10287715858967328,0.3155605524517285,0.31339687978793274
2009-05-31,29.345555555555553,1,0.03557658375919792,0.25866560762509927,0.1546970182750882,0.03557658375919792,0.1337809221278714,0.29797298429825847
2009-06-30,29.445185185185185,1,0.0033950500422803565,0.1459912935681955,0.07401753509044506,0.0033950500422803565,0.17585055249228385,0.285571249618657
2009-07-31,31.88259259259259,1,0.08277779175366651,0.1251061938806186,0.29183924605318445,0.08277779175366651,0.13831286874421184,0.2186185508736279
2009-08-31,32.03259259259259,1,0.004704761683491654,0.09156538311057272,0.37391580619539333,0.004704761683491654,0.1574721121375982,0.16134752164700367
2009-09-30,33.05592592592592,0,0.0319466284340022,0.12262584589066927,0.2865194453253377,0.0319466284340022,0.1372685287516504,0.1418008529358725
2009-10-31,31.624444444444443,1,-0.043304836920594614,-0.008096836773811344,0.11599639267556294,-0.043304836920594614,0.1319835133658148,0.14565355483541867
2009-11-30,33.22222222222222,1,0.050523505024242965,0.03713810008324847,0.13210404755594274,0.050523505024242965,0.17211415475770986,0.1511223491853922
2009-12-31,34.480370370370366,0,0.03787068004459293,0.04309195415177425,0.17100198737138683,0.03787068004459293,0.17637072481933297,0.14896401234780288
2010-01-31,33.925555555555555,1,-0.016090744062644213,0.07276368491321761,0.06407769245960293,-0.016090744062644213,0.1225511114030108,0.12437461612246556
2010-02-28,35.959259259259255,1,0.05994606928023227,0.08238573021181717,0.12258347978910344,0.05994606928023227,0.13550464999346326,0.1411328542401752
2010-03-31,38.391851851851854,1,0.06764857348851594,0.11344081979011156,0.1614211605472211,0.06764857348851594,0.16033214810730917,0.15649143467398338
2010-04-30,40.24666666666666,0,0.04831272067761283,0.18632299479251957,0.2726442273909071,0.04831272067761283,0.03372057457142599,0.10371041375007435
2010-05-31,38.584074074074074,0,-0.041310069386928605,0.07299412915851278,0.16139353400222967,-0.041310069386928605,0.20138572720099307,0.15358095429968688
2010-06-30,35.83037037037037,1,-0.07136892020311592,-0.06671940419456301,0.03915271168780943,-0.07136892020311592,0.21568251748923176,0.20313115164875012
2010-07-31,38.507407407407406,0,0.07471418825329224,-0.04321498904901255,0.13505605956396893,0.07471418825329224,0.2672281326868144,0.21752172757471752
2010-08-31,37.80814814814815,1,-0.018159084351255128,-0.020110005087495275,0.051416211762282504,-0.018159084351255128,0.25611327951493346,0.21368595334243504
2010-09-30,39.7562962962963,1,0.05152720362061869,0.10956978354799385,0.035539948677381306,0.05152720362061869,0.16744706478128119,0.2042508059899374
2010-10-31,42.678888888888885,1,0.07351269773248115,0.10832932576704812,0.06043288609132569,0.07351269773248115,0.16579056856799576,0.21897729624531542
2010-11-30,44.946296296296296,0,0.05312714239844496,0.18879920064262068,0.16489244266968717,0.05312714239844496,0.042461573727607574,0.204586030348086
2010-12-31,44.907777777777774,1,-0.0008569898232458906,0.12957649382348002,0.2533439457526203,-0.0008569898232458906,0.1331218075684256,0.13575454963873015
2011-01-31,45.687407407407406,1,0.017360681561389146,0.07049195976846923,0.1864576320092335,0.017360681561389146,0.09513579561044484,0.12316638089347866
2011-02-28,47.739259259259256,1,0.04491066506696062,0.06214000247208595,0.2626711859093669,0.04491066506696062,0.07981933820804113,0.0933922949811353
2011-03-31,50.45481481481481,1,0.056883068520357405,0.12352063075768438,0.2691024948296099,0.056883068520357405,0.07020483041134065,0.09527658687427228
2011-04-30,51.42185185185185,0,0.019166397510056665,0.12551477025843893,0.20485451216231465,0.019166397510056665,0.06676305907598278,0.08035626270578845
2011-05-31,51.22925925925926,1,-0.003745345328041827,0.07310544935451846,0.13978822463021712,-0.003745345328041827,0.10604998630599775,0.0842290052302894
2011-06-30,51.70222222222222,0,0.009232281899088202,0.024723258067357756,0.15129772125590724,0.009232281899088202,0.03980083972223639,0.07859587617331135
2011-07-31,51.51444444444444,0,-0.0036319092237598882,0.0018006467923279423,0.12754142481922237,-0.0036319092237598882,0.02584256525352136,0.08788895260585376
2011-08-31,49.70074074074074,0,-0.035207672785051214,-0.02983682646635677,0.04108738828202596,-0.035207672785051214,0.0792139612701208,0.10565488904456147
2011-09-30,46.28407407407407,1,-0.06874478359365699,-0.1047952663400098,-0.08266288868661364,-0.06874478359365699,0.11279586033695825,0.11277202165316019
2011-10-31,51.40259259259259,1,0.11058919554762459,-0.0021712716318328384,-0.0003745345328041161,0.11058919554762459,0.33027909619486945,0.20954711578079754
2011-11-30,51.846666666666664,1,0.00863913767139568,0.04317694050315968,0.012051851155661986,0.00863913767139568,0.3115854991682632,0.20954705358303477
2011-12-31,52.49999999999999,1,0.012601260126012592,0.13429945505613472,0.015430241554199142,0.012601260126012592,0.20005573325202036,0.209823017093048
2012-01-31,56.22,1,0.07085714285714295,0.0937191523701788,0.09134439100144509,0.07085714285714295,0.12066918791822738,0.22886579725831588
2012-02-29,58.37407407407407,1,0.0383150849177174,0.1258983041161259,0.17451114820555613,0.0383150849177174,0.10113292434350543,0.2120336265572336
2012-03-31,60.07555555555555,1,0.02914789670706175,0.14429629629629637,0.2979746653116424,0.02914789670706175,0.07593002158607008,0.13539540845908124
2012-04-30,60.578518518518514,0,0.008372173312618747,0.07752612092704592,0.1785109556370552,0.008372173312618747,0.05314594956612817,0.08402383008966782
2012-05-31,57.75222222222222,0,-0.04665509103581511,-0.010652877355497692,0.11390424756761397,-0.04665509103581511,0.1356887869721118,0.1353164483765467
2012-06-30,56.89296296296296,0,-0.014878375691812384,-0.052976498729994326,0.08367548500881838,-0.014878375691812384,0.09569062115728658,0.14364845499391554
2012-07-31,53.40814814814814,1,-0.06125212387133738,-0.11836490138296185,-0.05001515211404939,-0.06125212387133738,0.08213838963448375,0.14003057889540008
2012-08-31,53.941111111111105,1,0.009979057155933946,-0.06599072666756456,-0.07594061290527254,0.009979057155933946,0.12523815423853976,0.12222424390485649
2012-09-30,56.68722222222222,0,0.05090942797701192,-0.0036162774801283826,-0.056401198490789395,0.05090942797701192,0.19661836190509166,0.14227166626571877
2012-10-31,54.14259259259259,1,-0.04488894551322875,0.013751542974438813,-0.10624105843655607,-0.04488894551322875,0.1665119895733027,0.14660732600142778
2012-11-30,55.249259259259254,1,0.020439853610151326,0.024251412720319054,-0.04333968229537433,0.020439853610151326,0.16954984706791235,0.14561413040123586
2012-12-31,56.45957407407407,1,0.021906444195665342,-0.004015863526629193,-0.0076176185299230426,0.021906444195665342,0.13214860551070148,0.14983561960595565
2013-01-31,59.91703703703703,1,0.06123785061550113,0.10665252932927438,0.12187070914411735,0.06123785061550113,0.0801696573343845,0.12934369768597426
2013-02-28,60.94296296296296,1,0.01712244090594406,0.10305484236423479,0.12980548059955654,0.01712244090594406,0.08385720711161816,0.12841583462112688
2013-03-31,62.57944444444444,1,0.026852673416552175,0.10839384587530176,0.10394268745651081,0.026852673416552175,0.08028931696752266,0.11919882619241158
2013-04-30,64.27407407407406,0,0.02707965282648117,0.07271783206408844,0.18712590211033953,0.02707965282648117,0.019691369357842475,0.05611803499860259
2013-05-31,64.20592592592592,0,-0.0010602742883484284,0.053541258979252104,0.16211378734757642,-0.0010602742883484284,0.05605425349171908,0.07048508088387245
2013-06-30,64.06177777777778,1,-0.0022450910265580104,0.023687224239411275,0.13464861944813356,-0.0022450910265580104,0.057501302433552115,0.08095685858932795
2013-07-31,67.57107407407408,0,0.05477987683185437,0.05129595482309579,0.12774391751557723,0.05477987683185437,0.11288377409604247,0.07352246702054817
2013-08-31,66.52259259259259,1,-0.015516720665592842,0.03608182006968308,0.09155494512172879,-0.015516720665592842,0.1293800195721639,0.08973877132418749
2013-09-30,66.65014814814815,1,0.0019174772146473007,0.040404285677945184,0.06504857529244323,0.0019174772146473007,0.12680690965980324,0.08874541789984926
2013-10-31,71.37851851851852,1,0.07094313368756922,0.05634725356401127,0.11053359456033207,0.07094313368756922,0.15839064948421147,0.12306875136240181
2013-11-30,73.1574074074074,1,0.024921908240885804,0.0997377666178576,0.13941830683679823,0.024921908240885804,0.1217513719838361,0.11875168194980847
2013-12-31,74.77814814814815,0,0.02215415770155671,0.12195021655365723,0.1672818136197236,0.02215415770155671,0.09493132056835701,0.11134830618476331
2014-01-31,72.72925925925925,1,-0.02739956711457603,0.018923630929525315,0.07633717912387428,-0.02739956711457603,0.10198792937963942,0.12150385666095902
2014-02-28,75.01666666666667,1,0.031450992773808695,0.02541450449310223,0.12768705702880112,0.031450992773808695,0.10959371500857165,0.11306181793215932
2014-03-31,76.92444444444443,0,0.025431385618010616,0.028702185724686746,0.15415264004303264,0.025431385618010616,0.11216713989506273,0.10850274643462812
2014-04-30,74.04888888888888,1,-0.03738155766119711,0.018144411796159332,0.037411400877948475,-0.03738155766119711,0.13205772611320182,0.10552878588921523
2014-05-31,75.80148148148147,1,0.023668047136026216,0.010461872670270767,0.03614226047335767,0.023668047136026216,0.12390019735170854,0.10501796982236812
2014-06-30,77.39925925925925,1,0.021078450533557502,0.006172482859563955,0.035051832333668376,0.021078450533557502,0.11959375246718736,0.10463906179030308
2014-07-31,77.84518518518519,1,0.005761372010451016,0.05126743092651509,0.0703420601011362,0.005761372010451016,0.03352515232178382,0.08837333522944464
2014-08-31,79.66555555555556,0,0.02338449534213205,0.05097623421803554,0.061971413759905225,0.02338449534213205,0.03318147715535842,0.08469950523255175
2014-09-30,78.09592592592593,1,-0.019702738764371452,0.009000947468154719,0.015228988521685638,-0.019702738764371452,0.07504005805521081,0.08930396365198041
2014-10-31,78.74,1,0.008247217334806711,0.011494799744982798,0.06335153952343808,0.008247217334806711,0.07572115918771549,0.05777875383068515
2014-11-30,81.86518518518518,1,0.03968993123171427,0.027610798848891394,0.07999452761599501,0.03968993123171427,0.10293039932316109,0.06979751740163648
2014-12-31,83.12074074074073,1,0.015336868202464604,0.06434157422732723,0.0739216568251202,0.015336868202464604,0.05713106135080373,0.06868109785473647
2015-01-31,83.15074074074073,1,0.00036092074893279147,0.05601651944044628,0.06815521785880785,0.00036092074893279147,0.06876222431818604,0.0702868410709244
2015-02-28,85.00092592592593,0,0.022250976584249127,0.0383037152319079,0.06697211025723271,0.022250976584249127,0.03876231265854146,0.06983280803399176
2015-03-31,84.2674074074074,0,-0.008629535625973572,0.013795193070321732,0.07902437173656329,-0.008629535625973572,0.055020157845430955,0.05906214760448417
2015-04-30,82.29962962962964,1,-0.023351587978305277,-0.010235761023041356,0.04520738671106983,-0.023351587978305277,0.08062181782262733,0.07865992024225654
2015-05-31,82.60962962962962,1,0.003766724120084941,-0.028132591148244623,0.009093541323585308,0.003766724120084941,0.04702784137555652,0.056891824201815315
2015-06-30,83.78537037037037,1,0.01423249015898076,-0.0057203259465018474,0.007995954122962834,0.01423249015898076,0.06719372052917184,0.05627093687198008
2015-07-31,89.63518518518518,0,0.0698190482294927,0.08913230337205058,0.07798420539225948,0.0698190482294927,0.12298217120511018,0.11160678141565611
2015-08-31,84.84796296296295,1,-0.053407846621077226,0.027095307694376958,-0.0017995446672695037,-0.053407846621077226,0.21377534101181767,0.143353812917472
2015-09-30,85.35777777777777,1,0.006008568703498085,0.018767087863389875,0.012939408057242696,0.006008568703498085,0.2134804689983288,0.1426326732628609
2015-10-31,85.69555555555554,0,0.003957199760485253,-0.04395182116810947,0.041262955145831004,0.003957199760485253,0.11683550034917993,0.13565312470832264
2015-11-30,83.43296296296296,0,-0.02640268305543303,-0.016676888290384273,0.009966553984380067,-0.02640268305543303,0.06287161266768122,0.1440407159094545
2015-12-31,79.11,0,-0.051813609506856206,-0.0731951784645023,-0.05580175094653228,-0.051813609506856206,0.09672456600109541,0.1603450714986994
2016-01-31,77.98,1,-0.014283908481860674,-0.0900344890179704,-0.1300291304258,-0.014283908481860674,0.06634844895414334,0.09046402653356783
2016-02-29,79.93481481481481,1,0.025068156127401986,-0.041927650941762984,-0.05790531648111319,0.025068156127401986,0.13317559337264578,0.09443170402425714
2016-03-31,80.75592592592592,0,0.010272258877603857,0.020805535658272367,-0.053912507701786794,0.010272258877603857,0.06885504948548349,0.09629480356161037
2016-04-30,79.48888888888888,0,-0.015689709733490598,0.01934969080390969,-0.07242693773824649,-0.015689709733490598,0.0714723165865574,0.09399624355110085
2016-05-31,78.68555555555555,1,-0.010106234274531611,-0.015628475053747537,-0.05690086074870493,-0.010106234274531611,0.047338821183377316,0.09083444766538518
2016-06-30,79.46074074074073,1,0.009851683447006598,-0.01603826803215913,0.004433582868673236,0.009851683447006598,0.046515727309830134,0.05752838426942698
2016-07-31,81.67629629629629,0,0.02788239242299939,0.02751840462212285,0.047400568046887415,0.02788239242299939,0.06582644915717376,0.06166051621847512
2016-08-31,81.11185185185184,0,-0.006910749752863654,0.030835345562035377,0.014724961079397803,-0.006910749752863654,0.06027683428029159,0.05664735190092117
2016-09-30,80.80185185185185,0,-0.0038218829051788195,0.01687765679767339,0.0005687003820382674,-0.0038218829051788195,0.06671229144554201,0.05553181754062534
2016-10-31,78.21703703703703,1,-0.0319895491944171,-0.04235328260613258,-0.016000372751840408,-0.0319895491944171,0.053514571922314604,0.06970238623116248
2016-11-30,80.99222222222221,1,0.03548057162880114,-0.001474872375594738,0.029314994987079235,0.03548057162880114,0.11739094991077563,0.08575433566593342
2016-12-31,81.55407407407407,1,0.006937108730147967,0.009309467604794452,0.026344246401670546,0.006937108730147967,0.11732204545883572,0.08546384609085195
2017-01-31,84.31925925925925,1,0.0339061563334484,0.0780165351869917,0.032358996218132985,0.0339061563334484,0.0555794491947894,0.08972143358686863
2017-02-28,86.37222222222222,1,0.02434749760610022,0.06642613145295173,0.06485328901105936,0.02434749760610022,0.04736705872453668,0.09014955678678073
2017-03-31,88.75462962962962,1,0.027583027808151472,0.08829179458300795,0.09842321178924207,0.027583027808151472,0.016841530019667986,0.0888471698707454
2017-04-30,91.14222222222222,1,0.02690104845860941,0.08091820330138533,0.16524769634350767,0.02690104845860941,0.0059083624597531794,0.03538515318897646
2017-05-31,94.49259259259259,0,0.03675980559483749,0.09401599451126685,0.16668724477430397,0.03675980559483749,0.019072149257517466,0.03625548316678305
2017-06-30,92.34777777777778,0,-0.02269823227374268,0.04048406447238029,0.1323502697596688,-0.02269823227374268,0.11038606803957915,0.07611150348969149
2017-07-31,89.75,0,-0.028130376716037242,-0.015275271858389727,0.0644068838892744,-0.028130376716037242,0.12470366651195168,0.09842030945893253
2017-08-31,86.90481481481481,1,-0.031701227690085654,-0.08030023909379524,0.006166248579575928,-0.031701227690085654,0.01570433675056243,0.11100932992465812
2017-09-30,89.57111111111111,0,0.03068065103156714,-0.03006749846594403,0.009199311460017734,0.03068065103156714,0.12135062220072347,0.11283079534710967
2017-10-31,89.13888888888889,1,-0.004825464559505832,-0.006809037449705957,-0.021980299409957493,-0.004825464559505832,0.10839270898967944,0.10462809875260756
2017-11-30,94.26444444444444,1,0.057500779058896834,0.08468609760359347,-0.0024144553756908493,0.057500779058896834,0.10830110022847819,0.12568827133603586
2017-12-31,94.89148148148148,1,0.006651893412543242,0.05939828483059184,0.027544828526624432,0.006651893412543242,0.11490778529825521,0.11959625020090012
2018-01-31,97.11185185185185,0,0.023399048425687186,0.08944427132024524,0.08202620447745801,0.023399048425687186,0.08976641247916921,0.10682720653395397
2018-02-28,91.92,0,-0.053462597539301715,-0.02487093047926625,0.05770894507826796,-0.053462597539301715,0.14001379820489845,0.1307399203640679
2018-03-31,91.04925925925926,1,-0.00947281049543891,-0.04049069697549246,0.016502509903159934,-0.00947281049543891,0.13359171451510096,0.1277881845746484
2018-04-30,94.13407407407406,0,0.03388072390606611,-0.030663381667569434,0.0560382258232055,0.03388072390606611,0.15128440838616336,0.13347963848193947
2018-05-31,92.89074074074074,1,-0.013208111362044583,0.01056071301937278,-0.014572872219209887,-0.013208111362044583,0.09067347820144323,0.10774691892479467
2018-06-30,94.4774074074074,1,0.01708099918263195,0.0376515764767138,-0.004363659072546877,0.01708099918263195,0.08266824511598207,0.11073305668446927
2018-07-31,94.93148148148148,1,0.0048061656911901895,0.008470975204790676,-0.022452155208579683,0.0048061656911901895,0.052775295974176156,0.1041077116110652
2018-08-31,100.04148148148148,1,0.053828297212414444,0.07698012400071774,0.08835380201785781,0.053828297212414444,0.08836520614604433,0.08987181915700755
2018-09-30,100.43851851851852,0,0.003968724084824071,0.063095625448373,0.10312285169200242,0.003968724084824071,0.09889234267418066,0.08302104692385982
2018-10-31,96.50592592592592,1,-0.039154227388046525,0.016585061350291586,0.02519652819855067,-0.039154227388046525,0.16119128920182008,0.10745629753981618
2018-11-30,101.6362962962963,0,0.053161195244199266,0.015941535363108494,0.09414884073284036,0.053161195244199266,0.16001015854168546,0.12123620177190587
2018-12-31,92.65629629629629,1,-0.0883542624754936,-0.07748244734202614,-0.019275625369968852,-0.0883542624754936,0.2488750910878402,0.19023558112631647
2019-01-31,103.12629629629629,1,0.1129982571990471,0.06860066163659106,0.08632346916879619,0.1129982571990471,0.358189714917357,0.2512231619055157
2019-02-28,108.39037037037036,1,0.051044925136743524,0.06645336676165559,0.08345427082099266,0.051044925136743524,0.35724833390754956,0.25024822843978156
2019-03-31,116.28074074074074,1,0.07279586132429428,0.25496858161584846,0.1577305445749011,0.07279586132429428,0.10888113897941398,0.26125148843303647
2019-04-30,120.14518518518517,0,0.03323374464100293,0.16502957538580887,0.24495137508347198,0.03323374464100293,0.0686367605900667,0.23604618634558777
2019-05-31,114.86,1,-0.04398998742262439,0.05968823252031408,0.13010808328899715,-0.04398998742262439,0.2057551959870535,0.260881487409015
2019-06-30,122.86222222222221,1,0.06966935593089163,0.05659992737882136,0.32599971219800783,0.06966935593089163,0.20104479548327128,0.18322854468068472
2019-07-31,124.69962962962963,1,0.014955023392658973,0.0379078398974082,0.2091933300052795,0.014955023392658973,0.19690921165181988,0.15105303512980378
2019-08-31,128.17925925925925,0,0.027904089530694565,0.11596081542102787,0.1825705440554375,0.027904089530694565,0.0990522486007351,0.1479130455832981
2019-09-30,127.44518518518518,0,-0.005726933345661767,0.03730164472097619,0.09601284248211539,-0.005726933345661767,0.05876167710477591,0.13318611572431394
2019-10-31,123.53407407407407,1,-0.0306885748993031,-0.009346904710281656,0.02820661421983295,-0.0306885748993031,0.1018550889623958,0.14361477289179345
2019-11-30,127.01814814814814,1,0.028203344706213995,-0.00905849446955076,0.10585189054630106,0.028203344706213995,0.10239731942343759,0.11810987983844194
2019-12-31,129.4374074074074,0,0.019046563774788527,0.015631992839332476,0.05351673660348233,0.019046563774788527,0.10977876707979475,0.07981847430943947
2020-01-31,128.36518518518517,0,-0.008283712133134613,0.03910751869329787,0.029395079732334572,-0.008283712133134613,0.06575858780459255,0.08234749528572305
2020-02-29,116.8748148148148,0,-0.08951313671065764,-0.07985735488367085,-0.08819246194565489,-0.08951313671065764,0.1956035376361506,0.1465900154170115
2020-03-31,103.16222222222221,1,-0.11732718134629638,-0.20299529874299316,-0.19053652696002932,-0.11732718134629638,0.19627694043993352,0.20420981644973554
2020-04-30,120.44518518518518,1,0.1675318986996388,-0.06169897226085297,-0.025004347278603567,0.1675318986996388,0.5440412976837151,0.35010400792863205
2020-05-31,128.7511111111111,1,0.06896021549682962,0.10161553038705562,0.013643428031573146,0.06896021549682962,0.5011268630529394,0.36252410142943675
2020-06-30,129.84444444444443,1,0.0084918361006594,0.2586433448936949,0.0031446630861191593,0.0084918361006594,0.2780882706901582,0.3619707597869909
2020-07-31,138.92407407407407,1,0.06992697815049342,0.15342156567302778,0.08225664048749826,0.06992697815049342,0.12191502135102898,0.3718582577648885
2020-08-31,151.74962962962962,0,0.09232061211159848,0.17862772849137598,0.2983946102509176,0.09232061211159848,0.15035301931227965,0.33250208520890656
2020-09-30,148.90037037037035,0,-0.01877605412423977,0.14675965542814762,0.44336140849722483,-0.01877605412423977,0.20352971294350855,0.22721109178449383
2020-10-31,143.39814814814812,1,-0.036952374319393355,0.032205174689078575,0.1905677086856783,-0.036952374319393355,0.24242257685843266,0.18537065945403772
2020-11-30,156.35888888888888,1,0.09038290178859709,0.030374105495406756,0.2144274914563844,0.09038290178859709,0.23858050554609672,0.19803616081999093
2020-12-31,162.82666666666665,1,0.04136495100303428,0.09352761354223937,0.2540133493068628,0.04136495100303428,0.22248881089337028,0.19317864645294436
2021-01-31,165.54666666666665,1,0.016704880445463477,0.1544547039452444,0.1916341193564297,0.016704880445463477,0.12991789259497266,0.1877872702148996
2021-02-28,171.04185185185185,1,0.03319417597365404,0.09390552124859952,0.12713192295301234,0.03319417597365404,0.043514997678985985,0.15750409772202065
2021-03-31,178.0233333333333,1,0.040817387124225446,0.09333033082214204,0.19558690747728402,0.040817387124225446,0.04269480515462041,0.143304927878825
2021-04-30,186.11555555555555,1,0.04545596394979445,0.1242482817869417,0.29789371731129344,0.04545596394979445,0.021446733438203407,0.08527312207098214
2021-05-31,186.2874074074074,1,0.0009233610341643494,0.08913348043472125,0.1914091276242451,0.0009233610341643494,0.0848080472016934,0.060340708594904306
2021-06-30,191.38074074074072,1,0.027341264791958197,0.07503177902189262,0.175364850602322,0.027341264791958197,0.07757835634990111,0.05702668430279645
2021-07-31,206.46074074074073,1,0.07879580746543646,0.10931480243257874,0.24714526059564723,0.07879580746543646,0.13718304205610948,0.08816594666516267
2021-08-31,210.31222222222223,0,0.01865478864244663,0.12896639203461024,0.2295950958504851,0.01865478864244663,0.1126052127985201,0.09227293001142113
2021-09-30,199.91074074074072,1,-0.04945733239645478,0.044570838042451655,0.12294684633516617,-0.04945733239645478,0.22228392232421568,0.14978710065185022
2021-10-31,201.94185185185182,1,0.010160089966077424,-0.02188740034873471,0.08503478523895946,0.010160089966077424,0.12857416526793244,0.1437477378890546
2021-11-30,202.61037037037036,1,0.003310450569746104,-0.0366210378572952,0.08762247105229681,0.003310450569746104,0.11300967682619391,0.1432492878715052
2021-12-31,216.76962962962963,0,0.06988417835363636,0.08433208154009497,0.13266167113065297,0.06988417835363636,0.1268538176376904,0.1634043643057337
2022-01-31,197.86259259259256,0,-0.0872217988716475,-0.020200167631679866,-0.041645438824348346,-0.0872217988716475,0.2731682174041249,0.19099314433180284
2022-02-28,192.60444444444443,1,-0.02657474603587595,-0.04938506310232382,-0.08419756869416384,-0.02657474603587595,0.27446193612943093,0.18779068792088172
2022-03-31,200.9148148148148,0,0.0431473447787829,-0.07314131062503637,0.005022611943478417,0.0431473447787829,0.22598826775467326,0.19066178986359983
2022-04-30,187.34370370370368,1,-0.06754659243829153,-0.05316259506690946,-0.07228886936650258,-0.06754659243829153,0.1938711421630784,0.21314029421802388
2022-05-31,188.95962962962963,0,0.008625461619364838,-0.018923835456279514,-0.06737434375045692,0.008625461619364838,0.19619933727132025,0.21411708389845915
2022-06-30,178.80407407407407,1,-0.053744578010980204,-0.11005032536361459,-0.17514241095684446,-0.053744578010980204,0.14058946806290326,0.17041300736317413
2022-07-31,194.49666666666667,0,0.08776417804714876,0.038180962698783016,-0.017011431427346513,0.08776417804714876,0.24567330470544427,0.2065971151137487
2022-08-31,192.2762962962963,0,-0.011415981612557413,0.017552250039690964,-0.0017037413082271469,-0.011415981612557413,0.2516074012595989,0.203246933052077
2022-09-30,178.34666666666666,1,-0.07244590153829555,-0.0025581486874729498,-0.11232694895570261,-0.07244590153829555,0.28010221276184594,0.21148120258500935
2022-10-31,197.34666666666666,1,0.10653409090909083,0.01465320742429177,0.05339364368915933,0.10653409090909083,0.3151847344985812,0.25305786247310147
2022-11-30,210.38703703703703,0,0.06607849319490433,0.09419122944219938,0.11339674749260564,0.06607849319490433,0.32514458635837046,0.26460636071407984
2022-12-31,197.97592592592594,1,-0.05899180522669856,0.11006238370547594,0.10722267907558658,-0.05899180522669856,0.29892493112899426,0.2682174563831709
2023-01-31,209.0174074074074,0,0.05577183907508387,0.05913827143811612,0.07465804422050448,0.05577183907508387,0.24049740422649232,0.25202806078554196
2023-02-28,202.28851851851852,1,-0.03219295929631949,-0.03849342921775567,0.05207205680097693,-0.03219295929631949,0.20797441164310512,0.2587308934360813
2023-03-31,213.04185185185185,1,0.053158396789330986,0.07609978766591508,0.19453789540138233,0.053158396789330986,0.17337525670499862,0.21979580235354002
2023-04-30,227.38925925925923,0,0.06734548767152337,0.0878962765816067,0.15223258188260536,0.06734548767152337,0.1865155755326033,0.19315784832728022
2023-05-31,221.4585185185185,1,-0.026081886013704647,0.09476563544186067,0.05262435194394799,-0.026081886013704647,0.17440739732089264,0.19029283076499298
2023-06-30,232.51703703703703,0,0.04993494308774493,0.09141483241859971,0.17447126942108548,0.04993494308774493,0.1721067083123835,0.15477574352714146
2023-07-31,229.09518518518516,0,-0.014716563979381925,0.007502227376451787,0.09605792181051709,-0.014716563979381925,0.14203905250059637,0.15650142880512358
2023-08-31,224.85259259259257,0,-0.018518907715861288,0.015326003699380086,0.11154401762059685,-0.018518907715861288,0.1332681873050238,0.1472672960294649
2023-09-30,212.24962962962962,0,-0.05604988947491518,-0.08716525750402992,-0.0037186224928852374,-0.05604988947491518,0.07913881735543526,0.16547883460205537
2023-10-31,209.06074074074073,1,-0.01502423770752126,-0.08745030773235118,-0.08060415244864816,-0.01502423770752126,0.07878948423749314,0.12021712849571684
2023-11-30,230.08629629629627,1,0.1005715156325293,0.0232761545835789,0.03895888871421449,0.1005715156325293,0.28133875250673696,0.19705399269299453
2023-12-31,247.81296296296296,1,0.07704355692630638,0.16755427745805962,0.065784108213496,0.07704355692630638,0.21162429841524416,0.21399945253613023
2024-01-31,250.34370370370368,1,0.01021230169109022,0.19746874911420398,0.09274973850429302,0.01021230169109022,0.16238700108882514,0.20932214824141288
2024-02-29,254.82777777777775,0,0.017911671065557355,0.10753131272807459,0.13331038276928764,0.017911671065557355,0.12666709825781677,0.20091990216730998
