,log_prod_diff,1m_pct_change_production,3m_pct_change_production,6m_pct_change_production,3m_production_vol,6m_production_vol,3m_vol_change,6m_vol_change,lag_1_production,lag_3_production,lag_6_production,rolling_mean,rolling_std,exponential_moving_avg,Date-Time,log_close_diff,1month_return,log_high_low,vol_ratio,Signal
0,-0.027829214867185925,-0.027445549540475844,-0.005151320025756578,0.07981548783897119,381.4288924555355,494.1740584047185,0.18339817206078313,-0.5061601580743043,7943.0,7765.0,7154.0,7825.0,110.10903686795213,7756.036097022159,1999-11-30,,,0.1699953638450706,,
1,-0.008319299249125223,-0.008284789644012913,-0.01870116562059687,-0.021083567595195474,512.1406056932632,499.0250494716587,0.34268959647037023,0.009816361228268455,7725.0,7807.0,7826.0,7776.333333333333,147.84225827997176,7724.357398014773,1999-12-31,-0.0502900225721312,-0.0490464135021097,0.0895179274534125,0.3756192368685624,0.0
2,-0.019241500329746586,-0.019057564286646622,-0.053883922951026064,0.00013308490817132146,372.85922276360697,497.9590344598555,-0.27195926544648197,-0.0021361953932609312,7661.0,7943.0,7514.0,7633.666666666667,107.63518631620157,7654.571598676516,2000-01-31,-0.0321014328122353,-0.0315916512849637,0.0793007096785274,0.8717864178499658,0.0
3,-0.0035992840296454887,-0.003592814371257469,-0.030679611650485383,-0.035672891178364474,322.4096772739489,602.3809425937997,-0.13530453964831424,0.2096997963842795,7515.0,7725.0,7765.0,7554.666666666667,93.07165698172739,7599.047732451011,2000-02-29,-0.1448109548760059,-0.1348141631845172,0.1128186537935556,1.4993437469896642,0.0
4,0.07112734401558285,0.07371794871794868,0.049471348387938985,0.02984501088766489,1078.014842198323,776.1958515736804,2.343618129930829,0.2885464939037563,7488.0,7661.0,7807.0,7681.0,311.1960796668069,7746.0318216340065,2000-03-31,0.0663004403387601,0.0685477037790203,0.1223903143523941,0.8208665117776854,0.0
5,-0.1561011711808007,-0.14452736318407955,-0.08476380572188957,-0.13408032229636158,2013.4785819570827,1332.3880816039323,0.8677651764526093,0.7165617142923564,8040.0,7515.0,7943.0,7468.666666666667,581.2412006502338,7456.687881089337,2000-04-30,-0.0039010254890747,-0.0038934263738006,0.0482364351364221,0.3872520090964702,2.0
6,0.11406056546705123,0.12082000581564412,0.02951388888888884,-0.002071197411003256,2073.820628694752,1327.5615239981187,0.02996905319897536,-0.0036224863254581408,6878.0,7488.0,7725.0,7542.333333333333,598.660449113957,7540.791920726224,2000-05-31,0.0773772633128064,0.0804496135138792,0.0964509041435035,2.197701173856486,1.0
7,0.016084757766513746,0.01621481385393686,-0.025621890547263715,0.022581908367053982,1800.0677765017356,1384.0872804849428,-0.13200411279798796,0.042578634183815245,7709.0,8040.0,7661.0,7473.666666666667,519.6348076614241,7638.527947150816,2000-06-30,-0.0503804868209312,-0.0491324369128752,0.0621892347791122,0.7353992598201924,2.0
8,-0.07885202884601306,-0.07582333418432474,0.05263157894736836,-0.03659347970725213,1084.8244097548159,1466.0244199876784,-0.39734246459148814,0.05919940213165398,7834.0,6878.0,7515.0,7594.333333333333,313.16183249770995,7505.685298100543,2000-07-31,-0.0188623961810106,-0.018685614440187,0.0558205487878797,0.6833314898095902,0.0
9,0.12158182706372322,0.12928176795580115,0.06057854455830847,0.09188034188034178,1640.6681565751999,1718.2145384090418,0.5123813050501065,0.17202313616541454,7240.0,7709.0,7488.0,7750.0,473.62010092476936,7729.1235320670285,2000-08-31,-0.0759713616593846,-0.0731572505823365,0.0804792729735295,1.5188440560725578,0.0
10,-0.06349536026582037,-0.06152152641878672,-0.0205514424304315,-0.045646766169154196,1622.7100788495372,1589.9252812633063,-0.010945588023814068,-0.07466428334643427,8176.0,7834.0,8040.0,7696.333333333333,468.4360504202496,7710.415688044685,2000-09-30,0.0997497287685016,0.1048943601976486,0.0958681934752916,1.1192243366892063,0.0
11,0.05883677638396989,0.06060211129936133,0.12403314917127073,0.1831927886013376,970.2350230742205,1194.6239575699867,-0.40208972895386585,-0.2486288685083523,7673.0,7240.0,6878.0,7995.666666666667,280.082725874552,7852.9437920297905,2000-10-31,0.0317029158991162,0.0322108063303583,0.0618380547479806,0.5635309778986328,2.0
12,-0.043703589696841405,-0.042762349471614614,-0.047211350293542065,0.010507199377351117,837.8758857968467,1186.0908902778806,-0.13641966547238182,-0.007142889808993469,8138.0,8176.0,7709.0,7867.0,241.8739341061528,7831.96252801986,2000-11-30,0.0472344971528344,0.0483678195264063,0.0629607941537999,1.3583501963862623,2.0
13,-0.08223809823697259,-0.07894736842105265,-0.0649029062948,-0.08412050038294616,1689.1998105611638,1481.45604052236,1.016050156348253,0.2490240441651823,7790.0,7673.0,7834.0,7701.0,487.6299826712764,7612.9750186799065,2000-12-31,0.0485712917686225,0.0497702091275071,0.0680558515049032,1.273388459006409,2.0
14,0.08531423498719448,0.0890592334494773,-0.03981322192184811,0.07928176795580111,1254.6888060391254,1260.9304501042782,-0.25722889725975684,-0.1488573298066439,7175.0,8138.0,7240.0,7593.0,362.19745995794966,7679.983345786604,2001-01-31,-0.0235563548259412,-0.0232810697074595,0.0675766705037981,0.6636240503912016,2.0
15,-0.14622635457314637,-0.13603788072690048,-0.13337612323491654,-0.1742906066536204,1853.6806628974507,1743.7303690651852,0.47740272645713455,0.3828917914711154,7814.0,7790.0,8176.0,7246.666666666667,535.1115148577236,7370.322230524403,2001-02-28,0.0123967816290817,0.0124739402362752,0.052799181121323,1.166337492332371,0.0
16,0.1013382169339323,0.10665086653829059,0.041254355400696774,-0.026326078456926916,1879.3711714294013,1734.8107677784951,0.013859187855903121,-0.0051152411203756465,6751.0,7175.0,7673.0,7345.333333333333,542.5277258659936,7403.881487016268,2001-03-31,-0.0122230649605303,-0.0121486667353031,0.0485330621504465,1.0092551628084545,1.0
17,-0.0701312517618966,-0.06772855039486014,-0.10865113898131562,-0.144138608994839,1280.805996238289,1516.4658914727465,-0.3184922618217343,-0.1258609182979359,7471.0,7814.0,8138.0,7062.333333333333,369.73684335393153,7257.587658010845,2001-04-30,-0.0418937283694176,-0.0410283133576516,0.0495927663330757,0.8099943215555031,0.0
18,0.10200960972009376,0.10739411342426419,0.14249740779143827,-0.009884467265725339,1322.1981697158392,1463.0954856058556,0.032317285833388,-0.03519393754056621,6965.0,6751.0,7790.0,7383.0,381.68573460373517,7409.39177200723,2001-05-31,0.0377859456664158,0.0385089117519199,0.0392667120507099,0.7726345061022527,0.0
19,-0.03201221780713581,-0.031505250875145885,-0.00013385089010842233,0.041114982578397186,1321.8002874866972,1454.8863873169719,-0.00030092480707899494,-0.0056107741221581575,7713.0,7471.0,7175.0,7382.666666666667,381.5708758976847,7429.594514671488,2001-06-30,-0.0016408612964662,-0.0016395158195833,0.0282094276393363,0.771666648603959,2.0
20,-0.03099758780127715,-0.030522088353413634,0.039770279971284905,-0.07320194522651646,815.933820845724,1239.1700448284894,-0.38271021078595757,-0.1482702322112558,7470.0,6965.0,7814.0,7475.0,235.5398055530993,7367.063009780992,2001-07-31,0.0145339799736752,0.014640111809923,0.0263132345910745,0.8635873475789353,1.0
21,0.10837997899878538,0.11447114056890362,0.046415143264618264,0.1955265886535329,1483.5268787588202,1319.2446323560373,0.8181951046239619,0.06461953132399256,7242.0,7713.0,6751.0,7594.333333333333,428.2573214007251,7601.708673187328,2001-08-31,0.0347884707115344,0.0354006680670819,0.0552309593278312,2.644443213758417,1.0
22,-0.1035587009772847,-0.09837690496840545,-0.025836680053547556,-0.025967072681033376,1624.131768053287,1353.561819792587,0.09477744644040609,0.02601275502274558,8071.0,7470.0,7471.0,7530.0,468.84645674249407,7493.472448791552,2001-09-30,-0.0237950210671997,-0.0235141517278077,0.0917792330212181,1.478436992318093,2.0
23,0.15204791893415504,0.16421602308643668,0.16984258492129256,0.21636755204594404,2106.780482157513,1679.3209341874456,0.29717337201201177,0.2406680726594197,7277.0,7242.0,6965.0,7940.0,608.1751392485448,7819.648299194368,2001-10-31,0.0057734920095162,0.0057901907356947,0.0368016975461817,0.402654371863946,0.0
24,-0.07104373876020631,-0.06857884796978286,-0.022302069136414304,0.023077920394139806,2070.0637671337204,1699.4663868403493,-0.017427878858167323,0.011996189794806211,8472.0,8071.0,7713.0,7880.0,597.5759365971721,7843.432199462911,2001-11-30,0.033827048392423,0.0344056891296986,0.0302963669842775,0.6361965972639586,1.0
25,-0.041265636191822,-0.04042580154606512,0.04053868352343004,0.013654618473895486,1580.7099670717068,1666.7900887634862,-0.23639551970883932,-0.019227387096260817,7891.0,7277.0,7470.0,7978.333333333333,456.31166249978725,7752.95479964194,2001-12-31,0.0173629558657624,0.0175145681922346,0.0376840688483666,1.709135285757352,2.0
26,0.06865296516045305,0.07106444796619127,-0.042717186024551435,0.11987020160176742,937.3552368231868,1466.7131212340662,-0.40700365256780535,-0.12003729136513397,7572.0,8472.0,7242.0,7857.7,270.5911491530862,7872.003199761293,2002-01-31,0.0194360288867456,0.019626138155143,0.0286479174849589,0.6665522598912945,1.0
27,-0.15393697739064827,-0.14267394976634074,-0.11886959827651755,-0.13852062941395116,2005.788134375086,1930.6137935900576,1.1398377643602342,0.3162858950669738,8110.1,7891.0,8071.0,7545.033333333333,579.0211596594066,7565.668799840862,2002-02-28,0.0060715876649144,0.006090057114007,0.0476060534892295,1.8752792851470097,1.0
28,0.04930368518886041,0.05053933553861634,-0.0353407290015848,0.003765287893362501,2055.001148418146,1916.1137721962634,0.024535499637100333,-0.007510575881067738,6953.0,7572.0,7277.0,7455.833333333333,593.2277331121034,7478.5791998939085,2002-03-31,0.0277752677014917,0.0281645966629029,0.0390095703969382,1.01119246978404,1.0
29,0.05975772574938354,0.06157932205246164,-0.04388355260724286,-0.08472615675165251,1391.2033927502878,1449.4638967563856,-0.3230157589833086,-0.24353975333364486,7304.4,8110.1,8472.0,7337.2,401.60582665094967,7570.452799929272,2002-04-30,-0.0120607252869926,-0.0119882862546519,0.0604273873381027,1.1748904494904675,1.0
30,0.02928005443099657,0.029712929767093943,0.1483676111031209,0.011861614497528983,1198.3957943850944,1500.1178793682195,-0.1385905176553872,0.03494670182899173,7754.2,6953.0,7891.0,7681.066666666667,345.9470672419748,7708.501866619515,2002-05-31,0.0044975739667716,0.004507703232579,0.0351269742292075,0.6191101212217262,0.0
31,-0.052766951228933934,-0.05139894296520808,0.03693664092875526,0.00029054410987838786,712.6181586234461,1499.9766144844407,-0.4053565925695728,-9.416918878291103e-05,7984.6,7304.4,7572.0,7771.0,205.71514285533104,7663.734577746342,2002-06-30,-0.0418983381315105,-0.0410327339787921,0.0381053002538083,1.0430336115815868,1.0
32,0.052766951228933934,0.05418394021810902,0.029712929767093943,-0.01547453175669844,820.799999999917,1407.9162986485408,0.15180898783921548,-0.061374500740161264,7574.2,7754.2,8110.1,7847.8,236.94455047539847,7770.689718497561,2002-07-31,0.0111237979483878,0.0111858974358973,0.1558566796723588,4.228133234901032,0.0
33,0.029809496179966644,0.03025824712571712,0.03025824712571712,0.18311520207104848,1141.843001467302,1147.2096861516588,0.3911342610470485,-0.18517195428956557,7984.6,7984.6,6953.0,7928.333333333333,329.6216821347185,7922.526478998375,2002-08-31,-0.005594242363597,-0.0055786237281687,0.0719777075203631,0.4259185498437982,1.0
34,-0.06709135421153256,-0.06489022878121142,0.015605608513110214,0.053118668199989116,925.9523097869845,827.9005640777038,-0.189072132861428,-0.27833544811244115,8226.2,7574.2,7304.4,7967.733333333334,267.29940765613566,7845.817652665583,2002-09-30,-0.0654973418828612,-0.0633984636470851,0.0676968882794972,1.188725369914318,1.0
35,0.12334303880206932,0.1312724247309034,0.08987300553565625,0.12225632560418886,1749.9797027393863,1399.561697103836,0.8899242263804812,0.6904949191126266,7692.4,7984.6,7754.2,8206.933333333334,505.175626226483,8131.278435110388,2002-10-31,0.0481028031546442,0.0492785189218623,0.0617746568803143,0.6919138481688923,0.0
36,-0.11380775938828158,-0.10757049941394148,-0.05593104957331463,-0.02736517796758775,1950.0825315867644,1448.8309508014293,0.11434579985935889,0.035203345304139155,8702.2,8226.2,7984.6,8053.566666666667,562.9403372768027,8009.552290073592,2002-11-30,0.0090404851814356,0.0090814737934612,0.0297222441328837,0.5975094292482693,2.0
37,-0.013403705804718058,-0.01331427614890357,-0.0038609536685559886,0.011684402313115516,1983.701096435611,1392.0273790411495,0.017239560020821942,-0.039206486946498864,7766.099999999999,7692.4,7574.2,8043.666666666667,572.6451810094279,7893.934860049062,2002-12-31,0.0302650513272588,0.0307276934944717,0.038170996118922,1.237763810802642,1.0
38,0.05543792931442937,0.057003406110117893,-0.06925834846360701,0.01439020113718903,790.7482026535707,1397.32142758929,-0.6013773425470113,0.0038031209930562415,7662.7,8702.2,7984.6,7842.766666666666,228.26934383162592,7962.456573366042,2003-01-31,-0.0144800331322048,-0.0143757016340276,0.0591185733061818,1.5236298728417046,2.0
39,-0.15399636122075755,-0.1427248595592321,-0.10592189129678986,-0.1559286183170845,2022.0676942179455,2000.8602789800655,1.5571574964474748,0.43192556807206683,8099.5,7766.099999999999,8226.2,7568.566666666667,583.7206637881884,7622.804382244028,2003-02-28,-0.0627367473258613,-0.0608093143923814,0.062008795528432,0.8533953181968673,0.0
40,0.05868865070161178,0.060445020522791104,-0.03908543985801349,-0.042795486454162535,2027.1269225186388,2099.452179974621,0.0025020073834125522,0.04927475547908444,6943.5,7662.7,7692.4,7468.733333333334,585.181137198837,7536.269588162685,2003-03-31,-0.0320388836929041,-0.0315310763011622,0.0856831259914852,1.456578159491387,0.0
41,0.03724323856192413,0.03794545849630593,-0.05641088956108398,-0.1217623129783274,1218.9776536097377,1357.1190426783487,-0.3986673256279395,-0.353584208479207,7363.2,8099.5,8702.2,7316.433333333333,351.8885382238602,7571.7130587751235,2003-04-30,0.0329480205806156,0.0334968172806011,0.0282285445026388,0.4404940142459463,0.0
42,0.025347902001929157,0.02567189176458262,0.12894073594008781,0.009361198027324047,827.9542982555741,1384.710697582783,-0.3207797568694002,0.02033104984657852,7642.6,6943.5,7766.099999999999,7614.866666666666,239.00981848728173,7660.742039183416,2003-05-31,0.0429199538147306,0.043854334948842,0.0487933884209623,1.2840545474889735,2.0
43,0.0027262899872475543,0.002730009695361524,0.06749782703172524,0.025774204914716714,415.45676068619827,1436.2201836766515,-0.4982129308809332,0.037198734857603055,7838.8,7363.2,7662.7,7780.533333333333,119.93203630941325,7727.228026122277,2003-06-30,0.0189709317436626,0.0191520232145734,0.0793092737997245,1.8294663556537232,2.0
44,0.02407119784930245,0.024363247754510153,0.053528903776201675,-0.005901598864127444,406.09511201178344,1399.4086922697725,-0.02253338869477639,-0.02563081331488004,7860.2,7642.6,8099.5,7916.900000000001,117.22956111829721,7835.3853507481845,2003-07-31,0.0215014933818959,0.0217343161757728,0.0300445795176376,0.3571711080091452,1.0
45,-0.03350462712916524,-0.03294956344622868,-0.0066846966372403616,0.12139410959890551,474.34750974350413,809.7697376416227,0.1680699809303301,-0.42134864381311243,8051.7,7838.8,6943.5,7899.433333333333,136.93233121992037,7819.056900498789,2003-08-31,-0.0263854305286468,-0.0260403765172156,0.0288224446964124,0.959235310348108,1.0
46,0.02455978933157077,0.024863865200863033,0.015241342459479501,0.08376792698826607,475.4070676797526,500.267308546313,0.002233716662329188,-0.3822104169966959,7786.400000000001,7860.2,7363.2,7939.366666666666,137.2381992497779,7872.704600332526,2003-09-30,0.0153011897648736,0.0154188523287235,0.0265459527911975,0.9607922441689756,0.0
47,0.03486140832617757,0.03547619047619044,0.026255324962430437,0.08118964750215896,830.5052197306521,610.698485342942,0.7469349452122651,0.22074433989604914,7980.0,8051.7,7642.6,8009.833333333333,239.74620608744067,8002.836400221684,2003-10-31,0.0369120437713812,0.037601753287414,0.0204238032583532,0.8419958948886767,1.0
48,-0.162922648129177,-0.15034309157580084,-0.09832528511250394,-0.10435270704699695,2255.4465367194744,1483.340554289599,1.7157523915996054,1.428924567344585,8263.1,7786.400000000001,7838.8,7754.633333333334,651.0913325588989,7675.490933481123,2003-11-30,0.0293762761948199,0.0298120153284451,0.0238095896366359,1.4026721762582983,2.0
49,0.09476878441575742,0.09940462625341828,-0.03274436090225563,-0.018002086460904287,2157.1949656903703,1489.2336619886676,-0.04356191531456566,0.003972862254744358,7020.8,7980.0,7860.2,7667.533333333333,622.7285470679204,7689.893955654082,2003-12-31,0.0018149887886402,0.0018166368777288,0.0174803519893185,0.5609333974557799,1.0
50,-0.044479440718731666,-0.04350473525334575,-0.10652176543912095,-0.08306320404386658,1209.0843312192449,1521.6641219402488,-0.43951086923091354,0.021776609526993118,7718.7,8263.1,8051.7,7374.133333333334,349.0325820511948,7587.562637102721,2004-01-31,0.0080398929976297,0.0080722997279987,0.0184442612880735,1.145128049164466,1.0
51,-0.08747816629446703,-0.08376112367768762,-0.036505811303555125,-0.13124165211137373,1676.7097781070795,1985.168970138361,0.38675999251125814,0.3046039145663135,7382.9,7020.8,7786.400000000001,7288.700000000001,484.0244208715,7313.208424735148,2004-02-29,0.049940361714575,0.0512084022398235,0.0409289498975384,2.6755060332473493,1.0
52,0.14772904078763105,0.15919875822307628,0.01589645924831906,-0.01736842105263159,1872.08676080995,1916.871346752359,0.11652403132248756,-0.03440393458358448,6764.5,7718.7,7980.0,7329.600000000001,540.4248976499796,7489.272283156765,2004-03-31,0.0156366573373865,0.0157595495694413,0.0301995490369693,0.72934913374717,2.0
53,-0.06031860085161078,-0.05853546560563161,-6.772406506927453e-05,-0.10658227541721643,1872.0016132471387,1411.9855197558554,-4.5482701226062794e-05,-0.2633905649703103,7841.4,7382.9,8263.1,7329.433333333334,540.4003176658247,7453.648188771177,2004-04-30,0.0434151568237224,0.0443713827677092,0.0480722127105202,1.7162188938974137,1.0
54,-0.031776664084480544,-0.03127709146077151,0.057210436839381984,0.018616112123974515,1216.5178338190904,1349.1561747997198,-0.35015128982237287,-0.04449715955089917,7382.4,6764.5,7020.8,7458.433333333334,351.1784494147161,7352.932125847452,2004-05-31,0.0092195193880297,0.0092621500676448,0.0305146778536404,0.6243058137624211,2.0
55,0.08817246360354503,0.09217646647556466,-0.0039151171984592725,0.011919105548861886,1158.7064684379282,1410.5180835424308,-0.04752200401343187,0.04548169432780469,7151.5,7841.4,7718.7,7448.200000000001,334.48974573219925,7505.521417231635,2004-06-30,-0.093764664067292,-0.0895029903072799,0.1388851118726135,6.032247957388345,1.0
56,-0.05768347260096185,-0.05605131422279708,-0.0012868443866492774,-0.0013544813013856016,1162.0941786274877,1410.6910590204407,0.002923700075763369,0.00012263258445832648,7810.700000000001,7382.4,7382.9,7445.033333333334,335.46769342713856,7461.314278154423,2004-07-31,-0.0378829899575201,-0.0371744054360136,0.0444156953415144,0.2523024229033425,0.0
57,0.04473301166061816,0.04574861994601864,0.07812347060057334,0.1398033853204228,794.4059163928043,975.6717993260821,-0.3164014319983499,-0.3083731600286943,7372.9,7151.5,6764.5,7631.266666666667,229.32523483760846,7544.2761854362825,2004-08-31,-0.0229026725715937,-0.022642397153527,0.0396182628070476,0.6014711975242272,0.0
58,0.00699217686059761,0.007016679204171039,-0.005940568707030303,-0.009832427882776051,734.7000204164204,924.1628947324147,-0.07515791957780626,-0.05279326985698041,7710.2,7810.700000000001,7841.4,7615.8,212.08962728052197,7617.6174569575205,2004-09-30,-0.0140892209270773,-0.0139904323494901,0.0466168212597963,1.4136460252437435,0.0
59,0.003830732779938728,0.003838079414757445,0.05712813140012751,0.055767771998266324,147.33675712424014,947.3316737026104,-0.7994599795427647,0.025070016446509857,7764.299999999999,7372.9,7382.4,7756.200000000001,42.53245819360328,7676.4449713050135,2004-10-31,0.0206118143944169,0.0208257048700111,0.033510463835924,0.6721335704786152,0.0
60,-0.039477863776953726,-0.03870876688777414,-0.028248294467069668,0.047668321331189256,575.9175982724327,628.4618811035266,2.9088521392309206,-0.3365978373263855,7794.1,7710.2,7151.5,7683.599999999999,166.2530901968159,7615.096647536676,2004-11-30,0.0546310647632082,0.0561508915093633,0.0751354558210035,2.372558418829823,1.0
61,0.04197663171152932,0.04287010837648819,0.006349574333810004,0.0003712855441893037,623.8150046286862,630.1703166606492,0.08316711713608038,0.002718439428852415,7492.4,7764.299999999999,7810.700000000001,7700.033333333334,180.07988042344982,7681.264431691117,2004-12-31,0.0509536108561046,0.05227407805734,0.0510668258798592,0.6611203708596693,2.0
62,-0.0748643362845467,-0.0721306440053241,-0.06980921466237289,-0.016669153250417068,979.3591373954134,771.6608581496047,0.5699512357487424,0.22452746146269065,7813.6,7794.1,7372.9,7518.666666666668,282.71663080428084,7537.509621127411,2005-01-31,0.0226569283245403,0.022915545992469,0.0511383122655355,1.1647877105232918,2.0
63,-0.06334383276315414,-0.061379310344827576,-0.09174630292029251,-0.11740292080620474,1750.9676867377914,1384.9427078403642,0.7878708840093696,0.7947556795369557,7250.0,7492.4,7710.2,7289.533333333334,505.4608326402001,7293.339747418274,2005-02-28,0.0138394249993658,0.0139356331510307,0.0275599805781361,0.496397687641499,1.0
64,0.12458814083054293,0.1326818515797208,-0.013527695300501796,-0.007264016073567414,1563.921877844251,1359.8677347448913,-0.1068242494194872,-0.018105422667320292,6805.0,7813.6,7764.299999999999,7254.3,451.4653585824617,7431.526498278849,2005-03-31,-0.0349375903433437,-0.0343343187594005,0.0615437643752643,2.6340725111229997,1.0
65,-0.06842867462565039,-0.0661399343530662,-0.007158620689655115,-0.0764680976636174,1568.216860003708,1285.6863443313882,0.002746289453650519,-0.05455044525151509,7707.9,7250.0,7794.1,7237.000000000001,452.70521313542525,7353.717665519233,2005-04-30,-0.0097145779908873,-0.0096675439067618,0.0306111707832448,0.343909661329833,0.0
66,0.02536295776870645,0.02568733415762492,0.084937545922116,-0.01460146281565311,894.0291494128601,1271.5206832766075,-0.4299071944611371,-0.011017975820648118,7198.1,6805.0,7492.4,7429.666666666668,258.0839850384435,7363.47844367949,2005-05-31,0.0080213250632454,0.0080535820814577,0.0217226238372445,0.9279875350329672,1.0
67,0.0653254929868261,0.0675064336990383,0.022509373499915775,0.008677178253301943,1224.3279462627158,1331.8064003451134,0.3694496953111366,0.04741229762236698,7383.0,7707.9,7813.6,7487.5,353.43303467558036,7536.118962452993,2005-06-30,-0.0184338268041863,-0.0182649630127774,0.0288168578128882,1.353093552162055,1.0
68,-0.09223171457754908,-0.08810617402999465,-0.0015420736027563775,-0.008689655172413824,1240.1692787679751,1348.4088578766489,0.012938798427018838,0.012466119345299287,7881.4,7198.1,7250.0,7483.8,358.00603346869724,7419.745974968663,2005-07-31,0.0307583736024872,0.0312362998684787,0.0406820205419604,1.247009747849838,0.0
69,0.12601399098988963,0.13429803812439145,0.10418529053230396,0.19797207935341676,1724.6072248485677,1362.5618165794147,0.3906224370933049,0.01049604400037274,7187.0,7383.0,6805.0,7740.200000000001,497.85122275634706,7663.897316645775,2005-08-31,-0.0262202428473465,-0.0258794770963971,0.0423332148410575,1.072475680427674,2.0
70,-0.04252441515093608,-0.04163293344127983,-0.008704037353769678,0.01360941371839286,1696.1303251813756,1393.0179108684108,-0.01651210736966069,0.022352082612628443,8152.200000000001,7881.4,7707.9,7717.333333333333,489.6306499120774,7713.531544430516,2005-09-30,0.0262468127993891,0.0265942938192134,0.0499838513285619,1.0246114480438255,0.0
71,-0.0016781429078385202,-0.0016767356133523537,0.08525114790594124,0.08357761075839454,692.2719407861882,1223.4405862158505,-0.5918521528042604,-0.12173377192748758,7812.799999999999,7187.0,7198.1,7921.566666666667,199.84169568266523,7742.254362953678,2005-10-31,-0.0141819780355794,-0.0140818875043174,0.03423988076185,0.7954230272614959,1.0
72,0.005102541235148195,0.005115581368514199,-0.038345477294472685,0.0618447785453069,70.45367272098756,1101.421999054031,-0.8982283282477463,-0.09973397035913922,7799.7,8152.200000000001,7383.0,7817.366666666666,20.33822345542998,7774.702908635784,2005-11-30,-0.0109743815724994,-0.010914382731021,0.0207258501110776,0.5989962958014212,0.0
73,0.002586071061301709,0.0025894178274401547,0.006028568502969511,-0.002727941736239803,106.09561725102176,1097.0254691665905,0.5058919308746948,-0.003991685195335215,7839.6,7812.799999999999,7881.4,7833.066666666667,30.62716658985846,7803.101939090523,2005-12-31,0.0026394214041411,0.0026429077434471,0.0225966438245546,1.1902079324572172,0.0
74,-0.01393911493663147,-0.01384241529790442,-0.00623100888495709,0.07848893836092952,200.4084828540837,497.21738103184725,0.8889421452718269,-0.5467585803549457,7859.9,7799.7,7187.0,7816.866666666668,57.852945761844865,7785.767959393682,2006-01-31,-0.0042755474235716,-0.0042664202831598,0.0181930141306994,0.6819298144006829,1.0
75,-0.11102302785004525,-0.10508185934899561,-0.11518444818613194,-0.14911312283800693,1747.9877459524378,1245.5593329906785,7.72212453813713,1.5050599204835504,7751.1,7839.6,8152.200000000001,7515.866666666668,504.6005978329036,7502.711972929122,2006-02-28,-0.0042116840596535,-0.0042028273565855,0.0176884644609729,1.1224911847122725,1.0
76,0.1644891351055353,0.1787907620448057,0.04031857911678283,0.04659021093590021,2182.9918827150686,1439.3823578188594,0.24885994639831255,0.15561123400103116,6936.6,7859.9,7812.799999999999,7621.500000000001,630.1754755621564,7727.407981952748,2006-03-31,0.0221707322129716,0.0224183293137469,0.029018284647293,1.6881957814208028,1.0
77,-0.1289018192838718,-0.12093973192446927,-0.07266065461676419,-0.07843891431721739,2271.198335680944,1614.8555266649053,0.040406221234395856,0.12190865609326051,8176.8,7751.1,7799.7,7433.766666666667,655.6384852442116,7547.571987968498,2006-04-30,0.0601293888181184,0.0619739452098859,0.0761921835570755,2.9492137221546124,1.0
78,0.11730217386859465,0.12445916053367467,0.16519620563388404,0.03098372365937041,1890.5686234569412,1724.9917147627655,-0.16758981646131033,0.06820188325163667,7187.9,6936.6,7839.6,7815.733333333334,545.7601518371627,7725.881325312333,2006-05-31,0.03216430051592,0.0326871624009288,0.034223261566511,0.4188622814400313,2.0
79,0.01797542207714109,0.018137952366223065,0.006396145191272629,0.04697260779399226,1952.3822166778375,1895.307350273348,0.03269576806361507,0.09873417596907452,8082.5,8176.8,7859.9,7833.166666666667,563.6041991799939,7893.6208835415555,2006-06-30,-0.0096028244524495,-0.0095568645662748,0.060641241482183,1.5748852021534498,2.0
80,-0.08716273604508551,-0.08347206863447998,0.04929116988271964,-0.026951013404549085,1253.193728040427,1911.972034314357,-0.3581207012974875,0.00879260244445601,8229.099999999999,7187.9,7751.1,7951.266666666666,361.7658681154456,7776.480589027703,2006-07-31,0.048529248919571,0.0497260747248409,0.0487115527520805,1.0051249824397752,1.0
81,0.1156387166143702,0.12259022566359934,0.047547169811320567,0.22059798748666481,1663.260689128392,1669.276328233337,0.3272175338199079,-0.1269347572691104,7542.2,8082.5,6936.6,8079.366666666666,480.14200330039984,8006.587059351802,2006-08-31,-0.0010113959300839,-0.0010108846416062,0.0312887771002348,0.6019341371558388,2.0
82,-0.07523154122142017,-0.07247129966457211,-0.04567935740238893,-0.03957538401330596,1629.7920848991328,1624.7547322596643,-0.02012228416628903,-0.026671195907265854,8466.8,8229.099999999999,8176.8,7954.066666666667,470.48044946981787,7955.458039567868,2006-09-30,0.0144152954706981,0.0145196968983856,0.0411933951451843,1.2696161166492743,1.0
83,0.06036991612747933,0.062229409667396984,0.10603007080162308,0.16054758691690219,1123.3277883146366,1180.743062651722,-0.31075393068671153,-0.2732791976487571,7853.2,7542.2,7187.9,8220.633333333333,324.2768004858212,8084.272026378579,2006-10-31,0.0023863318593333,0.0023891814154159,0.0312902697436516,0.6752298013510212,1.0
84,-0.010181240163303684,-0.010129586784785483,-0.02473189398592146,0.02163934426229508,904.8155392121976,1205.171297368207,-0.1945222502064866,0.02068886575680895,8341.900000000001,8466.8,8082.5,8150.833333333333,261.1977475655593,8141.981350919053,2006-11-30,0.0028191815321192,0.0028231591613829,0.0332236248356485,1.2557763353934808,1.0
85,-0.06962973261391525,-0.06726088114902995,-0.019253298018642062,-0.06405317713966274,1204.2270716106075,1311.3647684760226,0.33090891946782963,0.08811483590732339,8257.4,7853.2,8229.099999999999,8100.433333333334,347.6304119799095,7995.320900612703,2006-12-31,0.0061881243233514,0.0062073103193649,0.0289529252160427,0.6867684971974748,1.0
86,0.055101277601687926,0.05664762399376788,-0.02440690969683179,0.07903529474158733,1012.9280922157586,1021.0211124164704,-0.1588562355926726,-0.22140571642546836,7702.0,8341.900000000001,7542.2,8032.566666666667,292.4071533552512,8042.9806004084685,2007-01-31,0.0016269294728705,0.0016282536406373,0.0186230284517421,0.8816961416146638,1.0
87,-0.1240987861138958,-0.11670742046864824,-0.12944752585559616,-0.15097793735531717,1646.91225024282,1491.0308930401757,0.6258925612777058,0.46033306746353575,8138.3,8257.4,8466.8,7676.266666666666,475.4226155046922,7758.153733605645,2007-02-28,-0.0097783976539433,-0.0097307445736788,0.0534577387715473,2.5401479134823783,1.0
88,0.1044057580116089,0.11005077554427212,0.03604258634121016,0.016095349666378045,1762.4669869248235,1489.4668482380473,0.07016447698714146,-0.0010489687433231643,7188.5,7702.0,7853.2,7768.8,508.7803946694378,7831.969155737097,2007-03-31,0.0223829373823591,0.0226353147904094,0.0490943026599368,0.9857292213048988,1.0
89,-0.066609271947355,-0.06443932026668009,-0.08268311563840125,-0.10507198599839385,1390.6217746029554,1428.8084378250962,-0.21097995881935283,-0.040724914746982366,7979.6,8138.3,8341.900000000001,7544.5,401.4379279539857,7709.779437158065,2007-04-30,0.0346405957208593,0.0352475695229483,0.0445994738532609,1.1672203261056286,1.0
90,0.0826955430176568,0.08621105366088888,0.12805174932183339,-0.01797175866495504,1179.2938225903924,1323.4634743732806,-0.15196652020848767,-0.0737292422573943,7465.4,7188.5,8257.4,7851.333333333333,340.4328029631129,7842.852958105376,2007-05-31,0.0126950697516945,0.0127759942344232,0.0345308179318499,0.6281626564009318,2.0
91,-0.01170967757172292,-0.011641386114194074,0.004386184771166368,0.04058686055569982,1203.9542848463386,1361.713414783078,0.02091121125503559,0.028901394825354254,8109.0,7979.6,7702.0,7863.0,347.5516652240185,7900.101972070251,2007-06-30,-0.018016153090103,-0.0178548324492173,0.0388187838874203,0.927694419676516,1.0
92,-0.022383250676222488,-0.022134604347066822,0.04980309159589558,-0.03699789882407889,478.03213281101796,1252.8477848486605,-0.6029482690266521,-0.07994753429946921,8014.6,7465.4,8138.3,7986.933333333333,137.99599027986608,7879.134648046834,2007-07-31,-0.0268581533283924,-0.0265006806305713,0.0612572465736911,1.7410559895673567,0.0
93,0.09345018073100775,0.09795590261828213,0.061154273029966566,0.19703693399179234,1392.327648220718,1287.5057265892735,1.9126235511267429,0.027663330022808408,7837.199999999999,8109.0,7188.5,8152.233333333334,401.93037125019504,8121.056432031222,2007-08-31,0.0697909471300657,0.0722839937752317,0.0823871442227424,1.225171729083261,0.0
94,-0.1132566359322329,-0.10707852502643833,-0.04131210540763108,-0.03710712316406839,1709.950256586385,1365.4853144578956,0.22812346560205343,0.06056640079978326,8604.9,8014.6,7979.6,8041.866666666666,493.6201204705095,7975.204288020815,2007-09-30,-0.010657294473988,-0.0106007067137807,0.0386512272932932,0.5705050511657389,2.0
95,0.17762518132362537,0.19437756230884373,0.1709539121114685,0.22927103705092833,2610.294473809383,1929.3494364681976,0.5265324027731526,0.4129404513106454,7683.5,7837.199999999999,7465.4,8488.466666666667,753.5271085590199,8375.802858680543,2007-10-31,0.0007862554460111,0.0007865646258502,0.0496021854297819,1.3234129143443034,0.0
96,-0.0698922624146725,-0.06750572082379858,-0.005508489349091761,0.05530891601923793,2599.3070230351404,1961.537251239483,-0.00420927634199364,0.01668324781549546,9177.0,8604.9,8109.0,8472.666666666666,750.3553047279116,8436.368572453695,2007-11-30,-0.0349957363004151,-0.0343904666822439,0.0416581885659859,0.903068840905898,1.0
97,-0.05807237470641091,-0.056418346479696124,0.05091429686991611,0.007498814663239539,1914.1271535610647,1941.3728750552139,-0.26360097649180736,-0.010279884397570105,8557.5,7683.5,8014.6,8603.066666666668,552.5609136858264,8315.812381635797,2007-12-31,0.0445301883174731,0.0455365392230193,0.0843638925799772,1.753970408766656,0.0
98,0.08440106509133649,0.08806519127645585,-0.042628309905197836,0.12103812586127716,1257.6803568473956,1832.7731861853865,-0.34294837492504493,-0.05593963440265881,8074.700000000001,9177.0,7837.199999999999,8472.666666666666,363.06104629017426,8472.47492109053,2008-01-31,-0.0648864467747829,-0.0628261235482242,0.0959085122051957,1.2077534770551233,2.0
99,-0.10745193098611772,-0.10188030685879479,-0.07791995325737655,-0.08299922137386839,1637.512271709684,1988.2118277487791,0.30200989686632784,0.08481062617841562,8785.8,8557.5,8604.9,8250.4,472.70907543645086,8278.549947393687,2008-02-29,-0.0051093440882961,-0.0050963135916662,0.0461527501201697,0.4149987805445195,0.0
100,0.030540058893171462,0.031011190388685383,0.007517307144537799,0.058814342422073285,1602.5618615204257,1700.1993494882115,-0.021343601994974648,-0.14486005678111247,7890.7,8074.700000000001,7683.5,8270.633333333333,462.6197610709228,8230.833298262458,2008-03-31,0.0421110200773862,0.0430102674038135,0.0690886124059213,1.808679691874588,1.0
101,0.04964789199232911,0.05090100056543023,-0.026895672562543993,-0.068377465402637,1153.5808077459603,1203.6853941126553,-0.2801645693405532,-0.2920327875228368,8135.4,8785.8,9177.0,8191.866666666666,333.01009494205806,8337.055532174973,2008-04-30,0.0188175291067294,0.0189956945976936,0.0532579836077347,0.6649278967946031,2.0
102,-0.01756966983671404,-0.0174162231709456,0.06462037588553615,-0.01833479404031546,726.610019198614,1152.5910029147972,-0.37012646680697303,-0.042448293754967725,8549.5,7890.7,8557.5,8361.833333333334,209.7542450900995,8358.237021449982,2008-05-31,0.0255109993685551,0.0258391897917154,0.034039595939058,0.5974954684936559,1.0
103,-0.04187356342233528,-0.041008975549365556,-0.009747523170341887,-0.002303491151374071,876.6926713505749,1161.8170337880824,0.20655186164029038,0.008004600808052098,8400.6,8135.4,8074.700000000001,8335.4,253.07937490041326,8257.524680966655,2008-06-30,-0.1545301982574334,-0.1431823826475702,0.1488615981828385,4.980149767769397,1.0
104,0.048269275548884494,0.049453209369297646,-0.011111760921691305,-0.037708575200892325,748.7429732557147,895.3194022247811,-0.1459458967505105,-0.22938003473265567,8056.1,8549.5,8785.8,8303.733333333334,216.14347858151382,8323.183120644437,2008-07-31,0.0187847257911899,0.0189622687086332,0.0813284005199763,0.5862266355749345,0.0
105,-0.03724549326482496,-0.03656041161511614,-0.03037878246791892,0.032278505075595376,724.2097210061546,703.3952203421202,-0.03276591984948263,-0.21436392577414065,8454.5,8400.6,7890.7,8218.666666666666,209.06133868632358,8263.922080429626,2008-08-31,0.0141001571028249,0.0142000331887253,0.0612110314028782,0.5867706975892373,1.0
106,0.042401025633555633,0.043312790041004856,0.054877670336763495,0.04459522580327957,666.2136894419162,698.8208153741132,-0.08008181868045583,-0.0065033210856652035,8145.400000000001,8056.1,8135.4,8366.033333333335,192.31932646855205,8342.014720286417,2008-09-30,-0.0723510486525005,-0.0697957084755271,0.1000944817074356,1.36382257755785,1.0
107,0.058058852684998996,0.05977736461838967,0.06525518954402987,0.053418328557225614,1499.0053235395121,1158.1300376037834,1.250036808452887,0.6572632241696741,8498.2,8454.5,8549.5,8549.933333333334,432.72556353110974,8563.409813524278,2008-10-31,-0.1657049280237164,-0.1527037893255604,0.2759042188104303,2.455949754786463,0.0
108,-0.15675783736374527,-0.1450889387310964,-0.05474255407960327,-0.08345832440539969,2281.8635279086734,1553.2643419586188,0.5222517839500695,0.3411830204942994,9006.2,8145.400000000001,8400.6,8401.300000000001,658.7172610460309,8275.439875682852,2008-11-30,-0.0207057901482148,-0.0204928971796317,0.1863718509939644,0.5924787624826248,0.0
109,0.07249432132324252,0.07518670043509346,-0.025864300675437102,0.027593997095368916,2268.1635478950416,1496.8503679393411,-0.006003855991417617,-0.0363196221630514,7699.5,8498.2,8056.1,8328.033333333335,654.7624174716494,8276.426583788569,2008-12-31,0.0388969260998379,0.0396633159743249,0.1108505422960473,0.7854399679919407,0.0
110,0.0018826488146164166,0.0018844221105525083,-0.07907885678754645,-0.018983973032113077,1173.7110547318885,1486.3677889405906,-0.482528032063144,-0.007003090771979803,8278.400000000001,9006.2,8454.5,8090.633333333334,338.8211967001477,8282.284389192379,2009-01-31,-0.0829056366681082,-0.0795620012813792,0.1018296422355162,0.9560376217692128,2.0
111,-0.08633203658110133,-0.08271039305522065,-0.011883888564192535,-0.06597588823139444,1356.6690974588628,1799.4448532811828,0.15587996891514977,0.21063229886308155,8294.0,7699.5,8145.400000000001,8060.133333333334,391.6366343095606,8057.522926128252,2009-02-28,-0.0373266654331181,-0.0366386129215972,0.0653736131026385,0.5692853521830555,0.0
112,0.0794237342999704,0.08266298633017866,-0.005013045999227139,-0.030747687745640406,1318.6141361292323,1743.2925354053846,-0.028050289787620364,-0.031205356348324664,7608.0,8278.400000000001,8498.2,8046.3,380.6511132257291,8117.315284085501,2009-03-31,0.0680465489306563,0.0704151339989491,0.1579061692913912,2.627467062153527,0.0
113,-0.013838344128624058,-0.01374303439400748,-0.020532915360501613,-0.09798805267482413,1161.271665029267,1061.7232049833535,-0.11932411976246604,-0.39096670041298553,8236.9,8294.0,9006.2,7989.533333333333,335.23025420346613,8119.443522723667,2009-04-30,0.0441742486666738,0.0451644575355913,0.0536308818939916,0.2962229293336077,2.0
114,-0.040956896996997116,-0.040129497642699796,0.02493427970557316,0.012754074939931082,789.9200972249309,992.9779876714915,-0.31978009882379854,-0.06474871886495115,8123.7,7608.0,7699.5,8052.766666666666,228.03029038555462,8012.195681815778,2009-05-31,0.0403333829191638,0.0411578205730391,0.047433446625563,1.0226917561464377,2.0
115,0.060062457991623575,0.06190286879464457,0.005281113040100038,0.00024159257827571778,853.0301049786245,994.0543264832778,0.07989416648013559,0.0010839503243271764,7797.7,8236.9,8278.400000000001,8067.266666666666,246.24858036813183,8101.597121210519,2009-06-30,0.0481642852659662,0.0493430327637736,0.045359556537472,1.100136700578741,2.0
116,-0.009074428397997991,-0.009033380029950133,0.010081613058089411,-0.01065830721003136,899.974155184382,950.3248644543199,0.05503211426158727,-0.043991018261207215,8280.4,8123.7,8294.0,8094.566666666666,259.8001603797045,8136.26474747368,2009-07-31,0.0346464733501017,0.0352536543422183,0.0709995176873596,1.5796514143122702,2.0
117,-0.011866956306434417,-0.011796821682753422,0.0398963797017069,0.06582544689800196,298.0330183047415,601.1088720025081,-0.6688426922174425,-0.367470120496461,8205.6,7797.7,7608.0,8198.266666666668,86.03472167281959,8127.109831649119,2009-08-31,0.0252191735519677,0.0255398671096345,0.0447531964083895,0.663803853498666,2.0
118,0.044383128390984794,0.04538279400157852,0.023718660934254343,0.029125034903908054,660.8232441431126,777.6220367248673,1.2172819907739707,0.2936459149809765,8108.799999999999,8280.4,8236.9,8263.733333333332,190.76323894639393,8243.673221099412,2009-09-30,0.0155446797432352,0.0156661267463049,0.0542668189096295,1.2344502028939022,1.0
119,0.029352163264986686,0.02978718384295953,0.06382226771960609,0.07454731218533417,1080.9259919161045,1103.0372468779726,0.6357263481518993,0.4184747792432244,8476.8,8205.6,8123.7,8438.300000000001,312.03645620341314,8405.548814066275,2009-10-31,-0.0341413125347096,-0.0335650743814009,0.0545777079815539,0.9725630783427078,1.0
120,-0.1016849167448246,-0.0966858740105162,-0.027562647987371625,0.011234081844646582,1500.6428622426529,1017.3228081588156,0.3882938087024226,-0.07770765580379302,8729.3,8108.799999999999,7797.7,8363.8,433.1982802366431,8232.13254271085,2009-11-30,0.0260852269331266,0.0264284240924093,0.0426346056073665,0.7588014392272399,0.0
121,0.04504322236095781,0.04607307267954286,-0.026920536051340038,-0.003840394183855733,1466.557451994238,1018.3638092548939,-0.02271387223837895,0.0010232750978642624,7885.3,8476.8,8280.4,8287.733333333332,423.3586698454625,8237.621695140566,2009-12-31,0.0388254789573832,0.0395890376548015,0.0389035443474976,0.9075779798559456,1.0
122,-0.05742088140745416,-0.055803409063356235,-0.10779787611835989,-0.05085551330798477,840.5616931551675,1235.2422029707923,-0.4268470750926503,0.21296749918340252,8248.6,8729.3,8205.6,7974.066666666667,242.6492599068118,8087.847796760377,2010-01-31,-0.0305700660846777,-0.0301075268817204,0.0343565334012354,1.0720092771607987,2.0
123,-0.0470429144878981,-0.04595354570317012,-0.05768962499841468,-0.08366219415943155,1420.8587121877752,1662.3440426097523,0.6903681475828152,0.34576363939943766,7788.3,7885.3,8108.799999999999,7822.433333333334,410.1665799810185,7868.698531173584,2010-02-28,0.0502613462822227,0.0515458780736939,0.0613312363787388,1.6897103448683533,0.0
124,0.13635531127874678,0.14608903962101616,0.032405499115001346,0.004612589656474153,1916.1442638799108,1684.7715049822439,0.3485818452205687,0.013491468551408925,7430.400000000001,8248.6,8476.8,7911.533333333333,553.143203278612,8084.432354115724,2010-03-31,0.0574084668129994,0.0590883244882487,0.0653964276783827,0.8549859040481401,2.0
125,-0.0647334696236399,-0.06268274639204308,0.02488347906475097,-0.08559678324722475,1880.226358713194,1302.5872039906337,-0.018744885676816536,-0.22684637047896772,8515.9,7788.3,8729.3,7976.133333333334,542.7745971702462,8050.321569410483,2010-04-30,-0.0018808782974453,-0.0018791105543376,0.0276453611507827,0.4613943861610436,2.0
126,-0.07272602554656515,-0.07014444820285393,-0.0011035745047374146,-0.05872953470381603,1894.5237607377442,1524.8840178846845,0.007604085517838977,0.17065791312321932,7982.1,7430.400000000001,7885.3,7973.399999999999,546.9019016240394,7840.947712940321,2010-05-31,-0.0493158749699884,-0.0481195929893765,0.0683066604882731,2.9399744871282363,1.0
127,0.1129479979427419,0.11957371129853689,-0.024213529985086635,0.007407317605411912,1554.6485261948771,1560.6364394054558,-0.1793987711246845,0.023445993991311642,7422.2,8515.9,8248.6,7904.666666666667,448.78837254693366,7997.198475293549,2010-06-30,-0.1176770866177716,-0.1110169291987474,0.1411566587903103,1.7106672809103771,0.0
128,-0.054085941201387655,-0.05264931345295254,-0.013768306585986045,0.010772569110075514,1537.245913964292,1549.651141386389,-0.011193920643387756,-0.007038985981419055,8309.7,7982.1,7788.3,7868.033333333333,443.7646711189681,7955.532316862365,2010-07-31,0.024385070969684,0.0246848183070238,0.0581479910125084,0.4170177628218101,0.0
129,0.04178390565878942,0.04266913950356943,0.10588504756002282,0.10466462101636509,793.1678510881881,1332.523554763719,-0.48403320257150984,-0.1401138493844607,7872.200000000001,7422.2,7430.400000000001,8130.0,228.96783616916122,8039.72154457491,2010-08-31,-0.0133224285168762,-0.0132340777502066,0.0290343816154297,0.4767792512151444,1.0
130,0.007887816058524066,0.007919006834711917,-0.0044044911368643636,-0.028511372843739502,745.351755884329,1162.9812792990856,-0.060284963817252124,-0.1272339801112906,8208.1,8309.7,8515.9,8117.799999999998,215.1645184503888,8117.51436304994,2010-09-30,0.036622072344929,0.037300922045264,0.0245439266337381,0.8706892588817242,0.0
131,0.02417036092781366,0.024464831804281495,0.07663677243972455,0.06181330727502776,483.10148002238316,1330.5696223798802,-0.35184766627509556,0.1441023566448103,8273.099999999999,7872.200000000001,7982.1,8318.9,139.45938476841476,8236.84290869996,2010-10-31,0.029607835069032,0.0300505050505051,0.0371167407042625,1.6217603005472656,2.0
132,0.016348436456128823,0.016482803374432198,0.04959734896017354,0.16073401417369526,595.8426973621459,879.1883074746462,0.23336963764743435,-0.3392391554061527,8475.5,8208.1,7422.2,8454.599999999999,172.00497085835386,8362.961939133307,2010-11-30,0.0005882064774271,0.0005883795047805,0.0227333058544885,0.5924581602373445,2.0
133,0.005140447098604284,0.0051536818646114035,0.046717675357484056,0.04210741663357287,332.807031175388,1023.25742020282,-0.44145152294597656,0.16386604724304576,8615.2,8273.099999999999,8309.7,8583.433333333332,96.07311451865522,8461.841292755538,2010-12-31,0.0300957857437511,0.0305532415347675,0.0244602076762618,1.049071507626704,1.0
134,-0.07428920142167783,-0.07159684050071602,-0.05143059406524686,0.021264703640659466,1198.0707157759095,847.7522680595621,2.5998960465006853,-0.1715161294490989,8659.6,8475.5,7872.200000000001,8438.133333333331,345.8532251307145,8321.094195170359,2011-01-31,-9.510449613658878e-05,-9.5099973847379e-05,0.0377854498450607,1.7916326361618822,2.0
135,-0.058760595727131104,-0.0570675157968058,-0.120066858575541,-0.07642450749869034,1875.4769420069817,1420.8539291567388,0.5654142258141766,0.6760249222440431,8039.6,8615.2,8208.1,8093.333333333333,541.4035586633336,8074.329463446906,2011-02-28,0.0145639944281832,0.0146705661364339,0.0626088118517169,1.6226749925644337,1.0
136,0.13182497234204682,0.1409086112283664,-0.0012240750150123159,0.04543641440330726,1856.29579539465,1516.5301724661251,-0.010227343340092343,0.06733714236632982,7580.8,8659.6,8273.099999999999,8089.799999999999,535.8664385833358,8265.886308964604,2011-03-31,0.0329152974156841,0.0334629985471246,0.0619690015764051,0.8409624991787483,1.0
137,-0.11671700677265306,-0.11016302462712457,-0.042713567839196,-0.09194737773582684,2030.8600345666068,1730.5976401232463,0.09403902093892547,0.14115608877666608,8649.0,8039.6,8475.5,7975.333333333332,586.2587938217416,8075.990872643069,2011-04-30,0.0368833607875296,0.0375719921999,0.027786951275011,0.5223331197970766,2.0
138,0.012088485060402832,0.012161846105870566,0.02756964964119879,-0.09580741015878913,1819.2379943261592,1655.0608013001101,-0.10420316350634595,-0.043647834176959055,7696.2,7580.8,8615.2,8045.0,525.1687728721015,7980.593915095379,2011-05-31,-0.0267987867101315,-0.0264428855525686,0.0447986219317866,1.2441110486842757,2.0
139,0.07491639519546034,0.07779403835785237,-0.029275060700659106,-0.030463300845304797,1315.6269380032786,1459.7180659292278,-0.276825274039759,-0.11802752818351658,7789.8,8649.0,8659.6,7960.5999999999985,379.78878340465803,8118.99594339692,2011-06-30,-0.0143337596066932,-0.0142315203483804,0.035485014839367,0.9684133028633706,0.0
140,-0.10642245656700311,-0.10095523952452412,-0.01923026948364126,-0.061122443902681844,1512.6349989339435,1606.162875925158,0.14974462382904918,0.10032403750700047,8395.8,7696.2,8039.6,7911.2666666666655,436.6601119100808,7928.73062893128,2011-07-31,-0.0280101898238918,-0.0276215416144826,0.0525722756831754,1.5037829021329434,0.0
141,0.12593124300368785,0.134204181129276,0.09902693265552398,0.12932672013507807,1882.525920140238,1672.1936203682149,0.24453415494615793,0.04111086455352342,7548.2,7789.8,7580.8,8168.399999999999,543.4384233747072,8139.553752620854,2011-08-31,-0.0382862990275105,-0.0375626434359044,0.0918675936001798,1.5833716630975565,0.0
142,-0.026357023164774063,-0.026012708498808657,-0.006824840991924486,-0.0359001040582726,1844.0923946483415,1476.7559324411611,-0.02041593429376709,-0.11687503501180596,8561.2,8395.8,8649.0,8149.299999999999,532.3436202303808,8205.869168413903,2011-09-30,-0.0505789546925043,-0.0493211348484112,0.0469635636771945,0.580712607530101,0.0
143,0.01822942390320037,0.018396594111650844,0.1250231843353382,0.1033886853252255,394.7894122184456,1441.1417917748918,-0.7859166854306506,-0.02411647035498765,8338.5,7548.2,7696.2,8463.866666666667,113.96588670876686,8301.212778942601,2011-10-31,0.0449179176620622,0.0459420030201429,0.095170764770351,1.6680744951120758,0.0
144,-0.0020393134701439664,-0.002037235483225097,-0.010115404382563198,0.0879098308043853,291.0465942075094,1306.6433331250462,-0.26278014252705706,-0.0933277068345919,8491.9,8561.2,7789.8,8434.999999999998,84.01791475621467,8359.008519295066,2011-11-30,0.0134171474621571,0.0135075612979005,0.0631069968024871,0.7021374165840233,2.0
145,-0.010450184359880765,-0.010395770891841516,0.005756431012772012,-0.0011076967054954867,195.80633288989318,1305.1012052711205,-0.3272337255034571,-0.001180220963770906,8474.6,8338.5,8395.8,8450.999999999998,56.52441950150666,8368.17234619671,2011-12-31,0.0341534233126052,0.0347433483026702,0.0609124606286881,1.1961565590975345,1.0
146,-0.02242814213164479,-0.022178501162582687,-0.03431505316831329,0.08641795394928597,484.74409743678916,447.09530080299436,1.4756303347418949,-0.6574248043008165,8386.5,8491.9,7548.2,8353.866666666667,139.9335675716062,8312.28156413114,2012-01-31,0.0276606525314373,0.0280467601558673,0.0419157860763044,0.70818713213457,2.0
147,-0.05177797791635541,-0.050460337784281495,-0.08117197271847643,-0.09046628977246185,1063.5661521503246,912.8418855421439,1.194077571597484,1.0417165734076317,8200.5,8474.6,8561.2,8124.566666666666,307.02510212248217,8137.087709420761,2012-02-29,0.0179277140279352,0.0180893801493451,0.0220600471101377,0.4324490765020412,1.0
148,0.06421178894227175,0.06631820925424137,-0.009944553747093465,-0.004245367871919314,947.0228719518093,908.740607654427,-0.10957783863550696,-0.004492867771159648,7786.7,8386.5,8338.5,8096.7666666666655,273.3819550250548,8192.42513961384,2012-03-31,0.0280711702344582,0.0284688781879791,0.0495914301908624,2.2795170104984055,1.0
149,-0.07927321100374485,-0.07621249894617677,-0.06465459423205899,-0.09675102156172344,1166.7508388683002,1147.2029654774076,0.2320197045121335,0.26240970835283983,8303.1,8200.5,8491.9,7920.033333333332,336.81195544891744,8018.383426409227,2012-04-30,0.0209143089234724,0.0211345457698395,0.0512732648105411,1.1264521701092405,1.0
150,0.08202742072958458,0.08548557422786596,0.06925912132225465,-0.017534750902697516,1289.1103443847805,1058.0168108306034,0.10487200989301537,-0.07774226299152687,7670.3,7786.7,8474.6,8099.799999999998,372.1341021728421,8120.922284272817,2012-05-31,-0.0166963080558133,-0.0165576972064194,0.0352873320517734,0.5795276717861245,1.0
151,-0.03902952316797936,-0.03827768436223877,-0.03562524840119963,-0.045215524950813824,1135.8531419157437,952.724843803378,-0.11888602332345555,-0.09951823633555046,8326.0,8303.1,8386.5,8001.199999999998,327.8925586224684,8083.048189515212,2012-06-30,0.0319692479426811,0.032485753755828,0.0572383520047461,1.7100590317753896,0.0
152,-0.019610820732509637,-0.01941977945125073,0.023662698981786967,-0.042521797451374854,837.395462132351,947.2409788433883,-0.2627607995871811,-0.005755979804302647,8007.3,7670.3,8200.5,8061.7,241.73524774014197,8005.965459676808,2012-07-31,-0.0121149867511234,-0.0120418957623399,0.0400234077447332,0.7782046747067786,2.0
153,0.10669816717829228,0.11259838508367492,0.04923132356473703,0.12190016309861695,1635.0357916571188,1330.041635438587,0.952525259085653,0.40412172313597594,7851.8,8326.0,7786.7,8198.333333333332,471.9941772239552,8249.276973117872,2012-08-31,0.0167037773158535,0.0168440654294603,0.0364144528007068,0.9050935878226464,0.0
154,-0.10674911220861638,-0.10124886960702384,-0.019469733867845673,-0.054401368163698005,1768.6001357005025,1357.6109973037803,0.08168894205552246,0.020728194614826556,8735.9,8007.3,8303.1,8146.366666666666,510.5508822177469,8116.651315411914,2012-09-30,0.0118332335077102,0.0119035231931408,0.0146893317951852,0.4789787617206889,1.0
155,0.14823069524005916,0.15978042132613313,0.15972133778241937,0.18716347470112016,2232.9399902370315,1784.5579587113807,0.26254654467309213,0.3144840180696227,7851.4,7851.8,7670.3,8564.4,644.5942522238153,8446.400876941276,2012-10-31,0.0049440561879681,0.004956298200514,0.0319365054580638,1.8307399577080397,1.0
156,-0.060118210348361956,-0.058346786149639396,-0.018464039194587722,0.029858275282248492,2181.3152821175963,1823.1028506368264,-0.02311961286248232,0.02159912584362278,9105.900000000001,8735.9,8326.0,8510.633333333333,629.6914826590194,8489.13391796085,2012-11-30,0.0361534787737025,0.0368149633692138,0.0575613720463263,2.3977241262061604,1.0
157,-0.07548148406200816,-0.07270309985305445,0.01271110884682991,-0.007006106927428757,2002.1185479385972,1850.266994787543,-0.08215077189806186,0.01489995155305035,8574.6,7851.4,8007.3,8543.9,577.9618413009459,8309.8226119739,2012-12-31,-0.0154949346296873,-0.0153755057732162,0.0306381074251906,0.4197744791523685,2.0
158,0.0843520605265784,0.08801187242177289,-0.04995662153109537,0.10178557782928754,1329.8004060759583,1675.8352043086154,-0.33580336316991066,-0.0942738485690584,7951.2,9105.900000000001,7851.8,8392.266666666665,383.8803112082141,8423.5484079826,2013-01-31,0.0626060031406572,0.0646073046546125,0.0380412438979274,1.7854520588861142,0.0
159,-0.16929385213355097,-0.1557392208993179,-0.14821682644088352,-0.16394418434276936,2334.1780480502885,2267.1920536205425,0.7552845053928792,0.35287291243884455,8651.0,8574.6,8735.9,7968.633333333332,673.8191621891747,8050.265605321733,2013-02-28,0.0587033064385362,0.0604605622399216,0.0580445014868473,1.40180577736308,2.0
160,0.08474054387033014,0.08843462902364552,-0.00020122748767470444,0.012507323534656223,2334.2519401298255,2230.79551371257,3.1656573755700634e-05,-0.01605357598614099,7303.700000000001,7951.2,7851.4,7968.0999999999985,673.8404929951805,8016.710403547822,2013-03-31,0.0266481549245733,0.0270063920454544,0.0226048696759835,0.3587447076197538,2.0
161,0.02407389033026952,0.02436600583677162,-0.05868685701075016,-0.10571168143731002,1522.914744823191,1703.7312558030235,-0.3475791029058799,-0.23626740087547837,7949.6,8651.0,9105.900000000001,7798.866666666666,439.62761893825984,8058.906935698548,2013-04-30,-0.0071658775089131,-0.0071402638266974,0.0422750875336261,1.7708685484664168,1.0
162,0.014434874229408479,0.014539560129186002,0.13116639511480477,-0.036491498145686085,545.7923781071354,1542.414752263526,-0.6416133076638499,-0.0946842425940374,8143.3,7303.700000000001,8574.6,8118.2,157.55668821090032,8126.504623799032,2013-05-31,-0.0043627802477783,-0.0043532771470361,0.0434682657204512,0.9840407740036502,1.0
163,-0.07405303991355794,-0.0713775615188158,-0.03491999597464024,-0.03511419659925541,1080.6371638990859,1630.5010383315189,0.9799418373097251,0.05710933841803856,8261.7,7949.6,7951.2,8025.666666666667,311.9530787367255,7975.003082532688,2013-06-30,0.0001748771492486,0.0001748924411486,0.035326309825276,1.0493194412008655,1.0
164,0.07579450536110777,0.07874087591240886,0.016307885009762657,-0.043336030516703206,1194.060517729253,1327.6059776907348,0.1049597012015766,-0.18576808816431956,7672.0,8143.3,8651.0,8069.933333333332,344.69558066984405,8075.368721688458,2013-07-31,0.0365687150927631,0.0372455759949639,0.0506835651311843,1.4147255521090418,1.0
165,0.010529069975131478,0.010584695689998869,0.012346127310359778,0.14513191943809312,1304.652796724035,894.8385508012851,0.09261865487780763,-0.32597580469034515,8276.1,8261.7,7303.700000000001,8103.933333333332,376.62082169380983,8171.479147792306,2013-08-31,-0.0336702129500001,-0.0331096800296705,0.0637807112373285,1.3299061315921763,2.0
166,-0.06550426983329061,-0.06340495235362353,0.021037539103232472,-0.014617087652209038,984.7589958968828,958.0190812296738,-0.24519458482011536,0.0706055079676815,8363.7,7672.0,7949.6,8157.733333333333,284.27543568398545,8058.786098528205,2013-09-30,0.0038458573970681,0.0038532621961848,0.0415628735262725,0.5892259787058466,0.0
167,0.13552247724340738,0.14513493502182961,0.08388008844745709,0.10155588029422957,1970.646218883487,1578.128613263228,1.0011456885333594,0.6472830700173604,7833.4,8276.1,8143.3,8389.133333333331,568.8765624749498,8362.62406568547,2013-10-31,0.0338621819616391,0.0344420321320018,0.0620562269045885,1.4488131073769153,1.0
168,-0.09000450234873547,-0.08607292955642498,-0.01978789291820604,-0.007686069453018196,2010.850098838746,1577.5772627672222,0.020401368632284145,-0.0003493698114159782,8970.3,8363.7,8261.7,8333.966666666665,580.4824229322678,8307.816043790313,2013-11-30,0.025102868334486,0.0254205984082742,0.0312660010053158,0.4863484202469151,2.0
169,0.003932148206246211,0.003939889243980366,0.050693185589909984,0.07279718456725748,1512.934724302329,1283.094291157164,-0.24761436708979956,-0.18666785999026558,8198.2,7833.4,7672.0,8466.33333333333,436.74663517114095,8282.044029193543,2013-12-31,0.0221045523658256,0.0223506680639244,0.0386980952029252,1.3641545143513696,1.0
170,0.026911216165540708,0.027276593159589302,-0.05744512446629424,0.021616461860054725,484.5405658970232,1295.949346232367,-0.6797346520548248,0.010018792199293136,8230.5,8970.3,8276.1,8294.566666666666,139.87481307696999,8339.696019462363,2014-01-31,-0.0179215397305005,-0.0177619039992311,0.0423901309502623,0.972033324438906,1.0
171,-0.15138690942144173,-0.14048492016558245,-0.11356151350296406,-0.1311022633523441,2185.962479092418,1992.2621032384607,3.511412733927811,0.5372993620703159,8455.0,8198.2,8363.7,7984.233333333333,631.0330128712147,7982.197346308242,2014-02-28,0.0278818608019766,0.0282741977563265,0.0627193251897133,1.7654487552609457,0.0
172,0.043473693622210874,0.04443251871422271,-0.07780815260312246,-0.031059310133530693,2127.5268552946445,2113.732139132142,-0.02673221720714769,0.0609709112552157,7267.200000000001,8230.5,7833.4,7770.7666666666655,614.1641013062606,7851.498230872162,2014-03-31,0.0488037561429184,0.0500142716691509,0.0502637030824426,0.5099495699291701,1.0
173,0.0421928414131294,0.04309561138851925,-0.06360733293908927,-0.11739852624772862,1125.8408590915326,1542.8573284656566,-0.4708217871423235,-0.2700790701421968,7590.1,8455.0,8970.3,7591.499999999999,325.00226153058793,7873.398820581441,2014-04-30,-0.0153859724742289,-0.0152682131206958,0.0254180382624706,0.781572012932445,2.0
174,-0.0061193265874024405,-0.006100641640984228,0.08279667547335956,-0.04016735380937286,611.6481668409746,1481.201902510321,-0.45671880541400156,-0.03996184534875358,7917.2,7267.200000000001,8198.2,7792.066666666666,176.5676168874889,7871.899213720961,2014-05-31,0.0199063671168029,0.0201058201058199,0.0322765957202313,1.173273476137482,0.0
175,-0.0332186065920439,-0.03267292760106233,0.002858987365120358,-0.0751716177631978,568.6870140946813,1393.8583572229343,-0.07023834137879947,-0.05896802126662004,7868.9,7590.1,8230.5,7799.299999999998,164.16580033610438,7785.199475813974,2014-06-30,-0.0185883188632125,-0.0184166215647363,0.0417370653902748,1.310165305498841,1.0
176,0.021663842760043295,0.021900207572453256,-0.01751881978477232,-0.08001182732111178,451.79964586078864,826.2141732022285,-0.2055390141446627,-0.40724667688017924,7611.8,7917.2,8455.0,7753.066666666666,130.42332357875196,7782.966317209316,2014-07-31,-0.0376101500600727,-0.0369116723591305,0.0514968327759115,0.9925374288932358,0.0
177,-0.02965702651644264,-0.029221572282573827,-0.040374131072958064,0.03907970057243482,407.7414376782873,540.1224490800518,-0.09751713748814406,-0.3462682357691187,7778.5,7868.9,7267.200000000001,7647.166666666665,117.7048144016621,7705.710878139544,2014-08-31,0.0378551767845261,0.038580811373865,0.0369685844537417,1.0208757458635338,0.0
178,0.04251988484475788,0.043436804746265434,0.03512966709582477,0.038089089735313,582.0477300015336,528.3580149862621,0.4274922198630595,-0.021781050044905714,7551.2,7611.8,7590.1,7736.299999999998,168.02270679879803,7763.540585426363,2014-09-30,0.0014077397394651,0.0014087310701762,0.0203484043598023,0.4817336376801624,2.0
179,0.08647712762635429,0.09032642907909438,0.10444173041074745,0.08509321477289955,1841.2370732743475,1292.2961409832487,2.1633781533165606,1.445872125204441,7879.2,7778.5,7917.2,8007.0999999999985,531.5193599484317,8039.327056950909,2014-10-31,0.0311316216180839,0.0316212786128227,0.0576110250611834,2.277752562087277,1.0
180,-0.1384172370072818,-0.12926468705257887,-0.009375993219620793,-0.04937157671339065,1948.7270614429021,1411.647440404371,0.05837922217012537,0.09235599769748859,8590.9,7551.2,7868.9,7983.499999999997,562.549046750584,7853.018037967272,2014-11-30,0.0366137659674725,0.0372923058680538,0.0336832958834616,0.6868574140291083,2.0
181,0.09576702717665064,0.1005026469172774,0.04480150269062855,0.08150503166136791,1963.20104930694,1468.4804499891004,0.007427406408222481,0.04026005924570608,7480.4,7879.2,7611.8,8101.166666666665,566.7273271453588,7979.412025311515,2014-12-31,-0.0285828986124405,-0.0281782718660246,0.0543358115565961,1.8649239945296936,2.0
182,-0.012012780333874318,-0.011940914943757597,-0.053195823487643956,0.04569004306742941,1415.576476210275,1473.0330288218854,-0.27894472310413165,0.0031001971002193596,8232.2,8590.9,7778.5,7948.833333333332,408.64172979925206,8030.908016874343,2015-01-31,-0.0215656602865372,-0.0213347840790461,0.060711313187248,1.1820359896963533,0.0
183,-0.09087811230373433,-0.08687099669285336,-0.007098550879632182,-0.016407988134336304,1521.0591441492031,1566.6318635851196,0.07451569711113182,0.06354157234213109,8133.9,7480.4,7551.2,7931.133333333331,439.0919531639421,7829.705344582896,2015-02-28,0.0442296434225975,0.0452223557692308,0.0343004260678485,0.5738780341273843,0.0
184,0.08582473304840832,0.08961533800977484,-0.016921357595782394,0.027122042846989602,1374.0363313973592,1570.2043892436984,-0.09665818276519444,0.002280386184922545,7427.299999999999,8232.2,7879.2,7884.699999999998,396.6501229042956,7917.436896388597,2015-03-31,-0.0071550462485978,-0.007129509846198,0.0475427134779815,1.148789444767788,2.0
185,-0.012270855339636455,-0.012195875396952993,-0.01717503288705291,-0.06945721635684265,1244.2995298560243,1210.3600274299386,-0.09442021187998428,-0.22917039608269196,8092.900000000001,8133.9,8590.9,7838.133333333331,359.1983342574502,7943.024597592398,2015-04-30,-0.0083738459253082,-0.0083388829371399,0.0226563273442694,0.6285188271210557,1.0
186,-0.05354614584219952,-0.05213779990493106,0.02020922811788939,0.012967221004224427,947.8440589041593,1136.4232468584044,-0.23825089043163694,-0.06108660142100897,7994.2,7427.299999999999,7480.4,7888.166666666665,273.61901127905196,7821.149731728266,2015-05-31,0.0219335219455496,0.0221758299512393,0.0297338904569421,1.340094185216831,1.0
187,0.054183904953445605,0.05567872885158498,-0.011565693385560238,-0.028291343747722464,838.7465171313182,1019.4888523177711,-0.11510072859344933,-0.10289686951045185,7577.4,8092.900000000001,8232.2,7856.966666666664,242.12526372381382,7880.533154485511,2015-06-30,0.0303418005327964,0.0308068040618707,0.0543345591185531,1.974328936395692,1.0
188,0.005323770623594015,0.005337967072118754,0.0059793350178880544,-0.011298393144739904,889.5797434743629,969.6415688285082,0.06060618471109058,-0.048894387982700294,7999.3,7994.2,8133.9,7872.899999999999,256.79955218028084,7934.3554363236735,2015-07-31,0.0214112764513725,0.0216421425998281,0.049261148465745,0.7113095974215153,2.0
189,-0.03493545389028263,-0.03433225565779663,0.02487660675165615,0.045588571890188945,514.8398974437575,688.1371287760853,-0.421254922652592,-0.2903180402966099,8042.0,7577.4,7427.299999999999,7935.733333333333,148.62147668935637,7878.203624215782,2015-08-31,-0.0367484543566725,-0.0360814256265596,0.0790815117209096,1.807767649576521,1.0
190,0.05945214524438569,0.06125497366692856,0.030290150388158965,0.01837413041060687,827.4803441773613,804.3077520453157,0.6072576120963069,0.16881900192749444,7765.9,7999.3,8092.900000000001,8016.499999999999,238.87299972996186,7999.335749477188,2015-09-30,0.039957469425234,0.0407665088532616,0.0605444557122236,0.6557743151835871,0.0
191,0.04077540054018769,0.041618132401475494,0.06747077841333016,0.07385354381926912,1424.2255298932996,1227.5631209840767,0.7211593482733321,0.5262355955944016,8241.6,8042.0,7994.2,8197.366666666667,411.138496535317,8194.423832984792,2015-10-31,0.0603534209237066,0.0622118881213413,0.0871979545971264,1.3396388867250189,2.0
192,-0.06632470642896315,-0.06417305407357354,0.03448409070423275,0.06021854461952669,963.7035021207663,959.5752914702153,-0.32334908910601734,-0.21830879808366088,8584.6,7765.9,7577.4,8286.633333333331,278.19723818420476,8140.849221989862,2015-11-30,-0.008601956195549,-0.008565065224308,0.0722152421977302,1.15927882220885,2.0
193,0.057537992512186165,0.059225512528473745,0.03250582411182301,0.06378058080082005,1034.9072035693866,1080.4605555040544,0.07388548582829313,0.12597788324522652,8033.700000000001,8241.6,7999.3,8375.933333333332,298.75197628353413,8263.732814659908,2015-12-31,-0.0133099255131154,-0.0132217401350412,0.0347752656963438,0.4050174224021853,1.0
194,-0.05258370698799375,-0.05122510135730651,-0.05952519628171371,0.003929370803282817,914.3155472810492,1070.5141512376788,-0.11652412493836906,-0.009205707895310833,8509.5,8584.6,8042.0,8205.6,263.9401636734869,8200.355209773274,2016-01-31,-0.012263989792733,-0.0121890935581225,0.0594124488318179,1.973370031800443,0.0
195,-0.03813628352378551,-0.03741825208085614,-0.03263751447029395,0.0007211012245844639,1285.237114309987,1065.0609315903612,0.4056822265923048,-0.0050940192065773715,8073.6,8033.700000000001,7765.9,8118.2,371.0159969596844,8057.403473182182,2016-02-29,-0.0203411274335429,-0.0201356423256732,0.0858320568158683,1.0977556377346502,0.0
196,0.08770705379917842,0.09166827510776554,-0.003008402373817498,0.029399631139584548,1238.6478595629433,1139.010602233411,-0.03624954043756845,0.06943233804720195,7771.5,8509.5,8241.6,8109.666666666665,357.5668375749095,8199.568982121455,2016-03-31,0.0182318391951765,0.018399053839744,0.0316638727511966,0.4234585190304684,0.0
197,-0.06765593746015064,-0.06541802708659927,-0.01792261196987721,-0.07638096125620308,1296.3900030468726,1039.933884436959,0.04661707767718881,-0.08698489513809526,8483.9,8073.6,8584.6,8061.433333333332,374.23555861692586,8109.3459880809705,2016-04-30,0.0198479099732988,0.0200461893764434,0.0283963865360972,0.9528280137267842,1.0
198,0.0037387927108678554,0.00374579071497938,0.02407514636814012,-0.009348121040118507,1081.5240912711363,1062.4144276129468,-0.1657417222215093,0.021617281167984226,7928.9,7771.5,8033.700000000001,8123.799999999998,312.209112615228,8059.0973253873135,2016-05-31,-0.0569514334247314,-0.0553600538204775,0.0852769899393752,3.610409045614216,1.0
199,0.055798372640476046,0.057384464604327334,-0.008085903888541912,-0.011069980609906716,944.501921649639,985.2956591806077,-0.12669358983991974,-0.07258821645109914,7958.6,8483.9,8509.5,8100.933333333332,272.65421935726897,8177.831550258209,2016-06-30,0.0826488883290146,0.0861603780045197,0.0856939910880401,0.6698096745420193,0.0
200,-0.08924681956627012,-0.08538020034936356,-0.029272660772616588,-0.04667063020214035,1259.647871430692,1145.468421214729,0.33366364065266096,0.16256314593664634,8415.3,7928.9,8073.6,8023.566666666666,363.6290188273246,8017.48770017214,2016-07-31,-0.0026388404421702,-0.0026353617632968,0.0224697281593106,0.3594686593413598,2.0
201,0.13672728592556638,0.14651543498596808,0.10880054280903662,0.13549507817023732,1977.571328675609,1469.6848315200502,0.569939801056869,0.28304264377843014,7696.8,7958.6,7771.5,8312.199999999999,570.8756694762744,8286.49180011476,2016-08-31,-0.0069268520139358,-0.0069029166719344,0.0290188694971105,1.465569917014507,1.0
202,-0.024712160631169766,-0.024409314975352703,0.023029482014901514,0.014757363948184388,2073.8349693261034,1533.3358562298458,0.04867770848749253,0.043309302337946276,8824.5,8415.3,8483.9,8376.8,598.6645888976426,8394.027866743172,2016-09-30,-0.0147871548967968,-0.0146783618286208,0.0536921007164092,1.6100747337974943,1.0
203,0.022976846563285136,0.02324284768442686,0.14452759588400355,0.11102422782479282,416.34423257649865,1609.7296282295579,-0.7992394579440473,0.049821943241807665,8609.1,7696.8,7928.9,8747.599999999999,120.18822737679483,8532.418577828781,2016-10-31,-0.0132007821447865,-0.0131140339543657,0.0303934773741216,0.4461040607225901,0.0
204,0.01707403844840627,0.017220632974617622,0.015456966400362537,0.1259392355439397,611.25467687348,1595.6836027233035,0.46814733829936905,-0.008725704776710086,8809.199999999999,8824.5,7958.6,8793.066666666666,176.4540261181607,8675.24571855252,2016-11-30,-0.0090612612593963,-0.0090203317492113,0.0433930233709345,1.3220034583477431,0.0
205,-0.02219542626832194,-0.021950920108471106,0.0180158204690386,0.041460197497415585,357.01198859378775,1599.8980280005358,-0.4159357758702539,0.002641140931723296,8960.9,8609.1,8415.3,8844.766666666666,103.06048385927349,8704.89714570168,2016-12-31,0.0430780151806011,0.0440193410309934,0.0596630163773603,1.9559418185689412,1.0
206,-0.025668362891712704,-0.02534173113347482,-0.030320573945420537,0.10982486228042831,725.8274450581985,529.4387065562556,1.033061824946313,-0.6690797180255801,8764.2,8809.199999999999,7696.8,8755.733333333332,209.52833539478462,8650.631430467787,2017-01-31,-0.0052143913227249,-0.0052008199832966,0.0328457003228459,0.5711673047984805,2.0
207,-0.08612525149649564,-0.08252069163320497,-0.125400350411231,-0.11188169301376849,1676.6284144078631,1372.8320523647508,1.3099545571377882,1.5929952520743402,8542.1,8960.9,8824.5,8381.166666666666,484.00093319467766,8379.487620311858,2017-02-28,0.0357827974106346,0.0364307066081535,0.0470931905988951,1.3405069115585395,1.0
208,0.141803621250725,0.15235032919920366,0.030464845621961834,0.04902951528034283,2079.2973909471884,1511.8017912411626,0.24016590264070903,0.10122850689349194,7837.2,8764.2,8609.1,8470.166666666666,600.241454194323,8596.725080207905,2017-03-31,0.0386108845533481,0.039365971600044,0.0485274649481972,1.1173025633130336,2.0
209,-0.13401238093818613,-0.12542076357516152,-0.07534447032931013,-0.10338055669073232,2329.121284948434,1811.3565667753103,0.1201482265542797,0.19814421260092474,9031.199999999999,8542.1,8809.199999999999,8255.633333333333,672.3594004201327,8363.98338680527,2017-04-30,0.0072534209812387,0.0072797907576771,0.0274971359946043,0.6048931103042997,2.0
210,0.07498027085154746,0.07786288535797947,0.0862935742356965,-0.04992802062292845,1964.305261409179,1644.3111737138033,-0.15663247160927996,-0.09222115409275355,7898.5,7837.2,8960.9,8481.066666666666,567.0460857225938,8413.82225787018,2017-05-31,0.0050865106948743,0.0050994689518537,0.046876143460298,1.6951106171318235,1.0
211,0.017811879520666096,0.01797145709755088,-0.04038223048985723,-0.011147623285639341,1408.1605022155056,1602.0758583787692,-0.28312542358854087,-0.025685719351795422,8513.5,9031.199999999999,8764.2,8359.5,406.50092250816044,8498.048171913453,2017-06-30,-0.0056728284020488,-0.0056567682941053,0.0394592922011511,0.6619819199567207,1.0
212,-0.0872621125430939,-0.08356314544510468,0.00554535671329992,-0.07021692558036086,1322.2284825247946,1708.730906842882,-0.06102430763788036,0.06657303267277426,8666.5,7898.5,8542.1,8374.1,381.6944851579403,8312.798781275635,2017-07-31,0.0186858336593029,0.0188615063399528,0.0502399694186186,1.5212787374520476,1.0
213,0.14911790030694938,0.16080984097805429,0.08292711575732659,0.17637676721278006,2218.789976541209,1889.9551454995005,0.6780685077244977,0.10605779876215582,7942.3,8513.5,7837.2,8609.433333333332,640.5094951156552,8615.032520850424,2017-08-31,-0.0474946796600441,-0.046384453321974,0.0665524978219211,1.3207618644277177,1.0
214,-0.04997259733544723,-0.048744508921308105,0.011954076039923933,-0.028910886703870875,2244.3052555300324,1760.4673970284289,0.01149963685548916,-0.06851366223130606,9219.5,8666.5,9031.199999999999,8643.966666666667,647.8751217119781,8666.72168056695,2017-09-30,0.0298991221361513,0.0303505891442918,0.0307928959742591,0.3673914261724494,0.0
215,0.050839947094381444,0.052154479424407985,0.16181710587613152,0.16825979616382858,906.905860604919,1668.4068376747891,-0.595907972692094,-0.05229324866170926,8770.1,7942.3,7898.5,9072.366666666667,261.8011713749496,8853.647787044634,2017-10-31,0.0118920761105112,0.0119630679820965,0.0215313778183743,0.9142520745477613,2.0
216,-0.01708359624652367,-0.01693849905174738,-0.016085471012527663,0.06550772302813179,805.3640915757103,1686.4733060442925,-0.1119650599252704,0.010828574878464448,9227.5,9219.5,8513.5,9022.933333333334,232.4885875334474,8926.16519136309,2017-11-30,0.0468546834328718,0.0479697106533745,0.0781795492083574,2.725401356819254,1.0
217,-0.03398442442538219,-0.03341344033865423,-0.00022804757072325543,0.011723302371199562,809.1324489844457,1670.879937039152,0.0046790730405703584,-0.009246140421703686,9071.2,8770.1,8666.5,9022.266666666668,233.57641861561544,8873.47679424206,2017-12-31,-0.0055395665700856,-0.0055242514639266,0.0288397532032709,0.365192045690862,2.0
218,0.040850734655375476,0.04169660473762837,-0.010165266865348244,0.15000692494617418,677.4056687093605,732.3773590164478,-0.1628000217274903,-0.5616816368540268,8768.1,9227.5,7942.3,8991.0,195.5501725899639,8960.21786282804,2018-01-31,-0.0289679314007109,-0.0285523830685479,0.0257520115085032,1.1741620963000754,1.0
219,-0.1226532575554451,-0.11542967253139469,-0.10933503836317149,-0.12366180378545477,1854.4646343351237,1451.9675147881107,1.7375983402506452,0.9825401439744703,9133.699999999999,9071.2,9219.5,8660.4,535.3378279180123,8666.611908552026,2018-02-28,-0.0865041447620251,-0.0828682525160109,0.0799188488666571,2.523666154926957,0.0
220,0.10786251955405035,0.11389459613337638,0.026402527343438065,0.02616845874049334,1988.114352847863,1461.0654756033186,0.07206916542825126,0.006265953420132586,8079.4,8768.1,8770.1,8737.566666666666,573.9191783982362,8777.607939034684,2018-03-31,-0.0219744730358639,-0.0217347931266678,0.0696548779663457,0.9220069412763284,0.0
221,-0.05518641556729165,-0.05369127516778527,-0.06758487797935109,-0.07706312652397729,1594.5026058303438,1399.8712455079533,-0.19798244826998623,-0.041883290733494616,8999.6,9133.699999999999,9227.5,8531.800000000001,460.2932543498544,8690.538626023123,2018-04-30,-0.0350225804479205,-0.0344163872990784,0.0399180997077746,0.5870415635989539,0.0
222,0.051233995273703314,0.05256916067822104,0.10950070549793312,-0.011806596701649186,932.9284860050368,1350.3030548732359,-0.41490940021436307,-0.03540910694021093,8516.4,8079.4,9071.2,8826.699999999999,269.313256264839,8781.725750682082,2018-05-31,-0.0650957647242123,-0.0630222703330647,0.0611673181522203,1.4834612404982117,0.0
223,-0.03935146544548296,-0.03858725360047299,-0.04237966131828075,-0.01709606414160414,812.9518312911863,1360.3654450183597,-0.12860219889695035,0.007451949478162412,8964.1,8999.6,8768.1,8699.566666666668,234.67897931708282,8727.21716712139,2018-06-30,0.0414659394742296,0.0423376586781631,0.0493900472202613,0.7335425252882865,0.0
224,-0.021842254366013947,-0.02160543965097128,-0.009910290733173621,-0.07682538292258334,935.358391206121,1198.8012495822795,0.15057049532752775,-0.11876528915647344,8618.2,8516.4,9133.699999999999,8671.433333333334,270.01470947581464,8628.811444747593,2018-07-31,0.0008511961169759,0.0008515584871997,0.0380897886215025,0.8054029292674749,2.0
225,0.11801492949220815,0.12526091081593926,0.058466549904619525,0.17436938386513856,1953.012483318947,1369.381204778267,1.087983067966693,0.142292106598509,8432.0,8964.1,8079.4,8846.133333333333,563.7861414874468,8915.274296498395,2018-08-31,0.0470232683765807,0.0481463974610034,0.0625031259151978,1.534402914034626,1.0
226,-0.12978938509912474,-0.12171960962037076,-0.03305794713513277,-0.07403662384994902,2217.6988704510095,1497.0694038687734,0.135527237738007,0.09324518157906359,9488.2,8618.2,8999.6,8751.166666666666,640.1945199182097,8721.282864332263,2018-09-30,0.0034215332506164,0.003427393377142,0.0431632186078809,0.8500768946222361,2.0
227,0.15727437993509596,0.17031668126672495,0.15661764705882342,0.14515522990935126,2614.618083009356,2014.3583673219505,0.17897795676724382,0.34553439013340514,8333.3,8432.0,8516.4,9191.366666666667,754.7752270267574,9065.055242888175,2018-10-31,-0.0186901947609587,-0.018516616159022,0.0428406383501984,0.8498543104867061,1.0
228,-0.04460977487887696,-0.04362939113672237,-0.016978984422756693,0.040494862841780055,2523.133440783411,2092.403907471008,-0.03498967700883038,0.03874461536495,9752.599999999999,9488.2,8964.1,9137.666666666666,728.3658856188246,9152.403495258783,2018-11-30,0.067666229354784,0.0700081115733837,0.0598599512387378,1.2540782520391531,0.0
229,-0.06984252403479019,-0.06745933891563305,0.04375217500869999,0.009247870785082712,1838.1158722995374,2061.0423624952355,-0.2714947839901728,-0.014988284462571944,9327.1,8333.3,8618.2,9259.199999999999,530.6183468369309,9000.902330172523,2018-12-31,-0.1290262328359332,-0.121049092131809,0.1726916363969159,3.4706637394048414,2.0
230,0.07352391684655046,0.07629427792915533,-0.04010212661239043,0.11023481973434546,1294.1722914664565,1848.9243791999486,-0.29592453284927644,-0.10291781826283408,8697.9,9752.599999999999,8432.0,9128.833333333334,373.5953604279568,9121.101553448349,2019-01-31,0.1057708091625162,0.1115670863184252,0.1116166169102532,0.6311502111722326,0.0
231,-0.1196273888515087,-0.11274902526304542,-0.10947668621543682,-0.1245968676882866,1848.2590835701671,2086.1188614266316,0.42813989741339786,0.1282878223117594,9361.5,9327.1,9488.2,8788.466666666667,533.5464397157035,8849.401035632232,2019-02-28,0.0599994195166226,0.0618359301670732,0.061389534894614,0.5653561709832684,2.0
232,0.06083706082953455,0.0627257404286059,0.014842663171570125,0.05924423697694792,1828.229471373772,1829.4740850856372,-0.010837015424106644,-0.12302500163652375,8306.0,8697.9,8333.3,8831.5,527.7643887190272,8841.934023754822,2019-03-31,0.0748561070060445,0.0777290620653889,0.0787294261301916,1.4466138681368068,2.0
233,0.026429119556580005,0.026781465956723594,-0.03184318752336701,-0.0706683345979533,1342.3715730004287,1399.0255708885213,-0.26575323611223645,-0.23528538485800232,8827.0,9361.5,9752.599999999999,8732.133333333333,387.5092945121495,8915.756015836547,2019-04-30,0.0707825879810979,0.0733478417777584,0.0801216731745686,1.2664647684023826,2.0
234,0.003458496029171698,0.003464483527153117,0.0949674933782807,-0.02490591931039665,507.1247578255013,1273.9527777747332,-0.6222172995722852,-0.08939993357973741,9063.4,8306.0,9327.1,8995.066666666668,146.39430772163848,8975.437343891032,2019-05-31,-0.0532750810698381,-0.0518808330276724,0.1125250827594204,1.1750494878802442,2.0
235,-0.04370186489097527,-0.04276069842107577,-0.01371927042030141,0.0009197622414605089,748.378807823676,1271.0779677108558,0.475729189465423,-0.0022566064567157706,9094.8,8827.0,8697.9,8954.699999999999,216.0383530764053,8885.59156259402,2019-06-30,0.0287793456215075,0.0291974724896837,0.0462478771691623,0.3841004154732647,0.0
236,0.04876883193881021,0.04997760139675389,0.008561908334620671,-0.023553917641403577,827.876391739479,1103.233946178219,0.10622639642480802,-0.1320485649160571,8705.9,9063.4,9361.5,8980.566666666666,238.98732881326214,8970.727708396013,2019-07-31,0.0243021315104332,0.024599835026573,0.027074636443622,0.6220414464482428,1.0
237,0.012783060651395672,0.012865113226124159,0.018010291595197403,0.11468817722128577,1008.5822326412286,718.0210943976082,0.2182763546645683,-0.34916696781770584,9141.0,9094.8,8306.0,9035.166666666666,291.15261175764357,9066.685138930676,2019-08-31,0.0718022251315337,0.0744428252606264,0.1166811674304861,4.7458644545384345,1.0
238,-0.045779665600614194,-0.04474758602812534,0.01589726507311129,0.001959895774328757,739.6014332054469,707.4826245215772,-0.26669198676184014,-0.014677103442026773,9258.6,8705.9,8827.0,9081.3,213.50454327709892,8992.556759287118,2019-09-30,-0.0299897807720048,-0.0295445491966539,0.0512592965294116,0.3525005814432252,2.0
239,0.1309090388590377,0.13986409325780458,0.10286620719833728,0.11230884656972018,2181.1230043258624,1671.7036974296348,1.9490518898440112,1.3628901113438583,8844.3,9141.0,9063.4,9394.733333333335,629.6359768416111,9355.471172858079,2019-10-31,-0.0538174889169118,-0.0523949608577095,0.0677173624486062,1.5265758251778203,0.0
240,-0.06467806314242175,-0.06263081150248495,0.020661871125223996,0.03904428904428903,2142.7021818254307,1699.565916344494,-0.017615156240262886,0.016666960154302135,10081.300000000001,9258.6,9094.8,9458.5,618.5448407350555,9386.947448572051,2019-11-30,0.0191536620371444,0.0193382701788402,0.0389885183367706,0.6151991953821772,0.0
241,-0.003572549264877267,-0.003566175303442276,0.06466311635742805,0.081588348131727,1297.8132839508928,1432.9329153871363,-0.39431000026086327,-0.1568830007669515,9449.9,8844.3,8705.9,9649.133333333333,374.64642442346013,9396.698299048034,2019-12-31,0.032031332173152,0.0325498568291966,0.044197337532629,1.2026696901142548,1.0
242,0.04777721175178762,0.04893693846774694,-0.02026524356977777,0.08051635488458597,889.81654288927,1531.2008685994983,-0.31437244949409904,0.06857819522263742,9416.2,10081.300000000001,9141.0,9581.033333333333,256.8679102832511,9556.798866032022,2020-01-31,-0.0244011313123051,-0.0241058304752571,0.0278933117004633,0.6548000410793794,2.0
243,-0.10762422132928506,-0.10203503087982169,-0.06145038571836725,-0.0420581945434515,1747.6878897559045,1753.9666142774404,0.9640991210177909,0.14548433863004084,9877.0,9449.9,9258.6,9387.466666666667,504.5140368050103,9327.599244021349,2020-02-29,-0.1791535708264682,-0.1640224922180941,0.215700146960466,6.675528425972019,0.0
244,0.11469645080543422,0.12153294547422533,0.05638155519211563,0.12469047861334426,2089.231083437016,1563.8123480775553,0.19542573687388431,-0.10841384588053893,8869.2,9416.2,8844.3,9564.433333333334,603.1090642108474,9534.099496014232,2020-03-31,-0.0311324378109505,-0.030652813644826,0.2191237832257657,0.8594208660830072,0.0
245,-0.2585703625627538,-0.22784530164570582,-0.2223650906145591,-0.2381240514616172,3927.0776972195963,2916.071187745576,0.8796760819579228,0.864719377187676,9947.1,9877.0,10081.300000000001,8832.333333333334,1133.649682809155,8916.299664009488,2020-04-30,0.0853557936695583,0.0891044942567189,0.1350183439498469,0.5938514798398496,0.0
246,-0.027333878073678264,-0.02696368820550199,-0.15735353808686248,-0.20913448819564218,4753.453822222285,3742.697273357804,0.21043029670326363,0.2834725328675174,7680.7,8869.2,9449.9,8367.133333333333,1372.203921920246,8435.399776006327,2020-05-31,0.0155787490979273,0.0157007304252851,0.0488723078857775,0.4576568600020834,2.0
247,0.2432987302061882,0.27544958253050744,-0.04171064933498203,0.012319194579554438,3926.519226999873,3786.126569463828,-0.17396500021868577,0.011603742684500151,7473.6,9947.1,9416.2,8228.833333333334,1133.488466343309,8800.999850670885,2020-06-30,-0.0300872031285912,-0.0296390886484306,0.0857807363781306,1.514420210140133,1.0
248,0.004124839651128198,0.004133358511151597,0.24618849844415225,-0.030920319935202945,4157.160165305103,3617.202457148334,0.058739286622939924,-0.044616604652869984,9532.2,7680.7,9877.0,8859.133333333333,1200.0687702516452,9057.866567113924,2020-07-31,0.0437709596791417,0.0447430392021053,0.0754215954388248,0.924197283454805,0.0
249,-0.02539389064867592,-0.02507417777592047,0.24860843502462004,0.05213548008839575,445.85360826109155,3682.9154038614483,-0.8927504376708638,0.01816678703821295,9571.6,7473.6,8869.2,9478.466666666667,128.7068503743536,9149.111044742616,2020-08-31,0.0650811675670386,0.0672456466012552,0.0702638429598625,0.9321257378435972,2.0
250,0.0030601678082380346,0.0030648549016245585,-0.018044103145129164,-0.05900212122126047,454.1099426344318,3371.5268167404433,0.01851803870230273,-0.08454948131432005,9331.6,9532.2,9947.1,9421.133333333333,131.09024881083735,9219.47402982841,2020-09-30,-0.0552133264872098,-0.0537167408634434,0.1237891819985206,1.7250888868873036,2.0
251,0.07812605433573694,0.08125894745838758,0.057378076810564504,0.3176923978283228,1550.5914742443922,3142.1288070351075,2.414572835047242,-0.06803979982194397,9360.2,9571.6,7680.7,9604.200000000003,447.6172025290693,9519.916019885606,2020-10-31,-0.0101772675382596,-0.0101256543929804,0.06125117603582,0.5714580398462881,0.0
252,-0.08130410812693256,-0.07808671251284471,-0.0001178790346778591,0.24846125026760868,1551.7529055875484,1048.4605343072358,0.0007490247189203547,-0.6663215931951063,10120.8,9331.6,7473.6,9603.833333333334,447.9524788783775,9456.777346590405,2020-11-30,0.0952840550061626,0.0999712630973959,0.097814891014492,1.6477627945885849,0.0
253,0.03498450828491073,0.03560366539842463,0.032317685519540174,0.013690438723484633,1374.6174304145063,1061.9433657214543,-0.11415185661016847,0.012859646093524413,9330.5,9360.2,9532.2,9704.666666666666,396.81787174128345,9525.41823106027,2020-12-31,0.0226021334417003,0.022859496990585,0.0260448182032462,0.2131972044964719,2.0
254,-0.011208534584064012,-0.011145952994504715,-0.055904671567464925,-0.0017342972961679193,587.1224403814155,1061.876459857648,-0.5728830237483802,-6.300323159036392e-05,9662.7,10120.8,9571.6,9516.066666666668,169.48764950074013,9535.278820706846,2021-01-31,-0.0028627522612989,-0.0028586584934575,0.0410986165156872,1.5230013847306545,1.0
255,-0.09043667433348546,-0.08646781789638935,-0.06448743368522591,-0.06459771100347222,1769.9575927121746,1586.0532097000523,2.014631141610509,0.49363251720701484,9555.0,9330.5,9331.6,9315.5,510.942746303298,9266.452547137897,2021-02-28,0.0338332440047688,0.0344120979262105,0.0584529377928912,1.6378922312943476,1.0
256,0.14012847770410453,0.15042159288791135,0.03923334057768524,0.07281895685989603,2299.369339623245,1766.1536739479404,0.29910984821948894,0.11355259908458426,8728.8,9662.7,9360.2,9441.866666666667,663.7707535989264,9524.901698091931,2021-03-31,0.0715420491410325,0.0741633173965217,0.0946811984946975,2.073851775625301,2.0
257,-0.06959553467873647,-0.06722898285167989,-0.01970695970695968,-0.07450992016441371,2274.486939949195,1508.2231147943073,-0.010821401871057068,-0.1460408360599067,10041.8,9555.0,10120.8,9379.1,656.5878235239779,9472.167798727955,2021-04-30,0.0257333354192343,0.026067296183003,0.0353404078204606,0.3698078641405714,2.0
258,-0.0918496386833123,-0.08775769481247397,-0.021091100724039746,-0.08421842344997577,2597.2109733326342,1987.7927064962971,0.14188871684207083,0.31796992566805593,9366.7,8728.8,9330.5,9317.733333333335,749.7502272979232,9163.011865818637,2021-05-31,0.1112897596701572,0.1177187297472457,0.1060539764026131,3.5291811255815597,1.0
259,0.08343356962401671,0.08701300221189734,-0.0750463064390845,-0.03875728316102123,1571.3933307735242,1899.9212994226602,-0.3949689313235971,-0.044205518405649014,8544.7,10041.8,9662.7,9066.533333333335,453.62218126243846,9204.74124387909,2021-06-30,-0.0245354906921546,-0.0242369422024307,0.0816780310142677,0.7904722541612825,2.0
260,-0.0631484754467806,-0.06119592601365187,-0.0690638111608145,-0.0874097331240189,1346.4997734866313,1949.0828243047863,-0.143117291439813,0.025875558580802815,9288.2,9366.7,9555.0,8850.900000000001,388.7010033431384,9043.09416258606,2021-07-31,0.0014726143937195,0.0014736992227424,0.0357078463450006,0.3352663917608815,0.0
261,0.04573935531935547,0.04680153214523264,0.06825283509075786,0.045722206947117705,1015.2046690197586,1837.8383661247,-0.24604170827969463,-0.05707528525359906,8719.8,8544.7,8728.8,9045.300000000001,293.0643444705613,9071.362775057372,2021-08-31,0.0218715803526086,0.0221125167129487,0.0488874376851411,1.5337680773038236,1.0
262,-0.002193488414985012,-0.0021910844772620175,-0.01941172670700475,-0.09300125475512355,796.9532232192327,1124.9795447028987,-0.21498270492713645,-0.3878789531012723,9127.9,9288.2,10041.8,8985.199999999999,230.06057897858196,9083.54185003825,2021-09-30,-0.0316583156989409,-0.0311624378841123,0.0424824141131248,0.7905305571277068,1.0
263,0.03697838723050495,0.03767059366044867,0.08385513429207103,0.008999967971644152,667.1000224849954,1190.6749161714706,-0.1629370419128302,0.058396947551541345,9107.9,8719.8,9366.7,9228.933333333334,192.57518877905875,9206.0279000255,2021-10-31,0.0270499768607948,0.0274191486641952,0.0350423585195622,0.814772731702,0.0
264,0.011634521063333736,0.011702465347582347,0.04751366688942693,0.11900944445094619,819.5043135941717,1033.763028938406,0.2284579313031041,-0.1317839866297037,9451.0,9127.9,8544.7,9373.5,236.57051802782726,9324.551933350333,2021-11-30,0.1199165797010302,0.1274027993779161,0.1479861339923669,6.413269280615948,1.0
265,-0.004381236897019747,-0.0043716532797859475,0.04522447545537389,0.0249348635903619,193.45821254065643,1124.0745099858366,-0.7639326488811391,0.08736187938562034,9561.6,9107.9,9288.2,9510.800000000001,55.84657554364592,9389.634622233554,2021-12-31,0.0797243194792285,0.0829884676929868,0.0833104473028409,0.5227820159115235,2.0
266,-0.047949638500059066,-0.04681821046660628,-0.039879377843614394,0.040631665863896105,936.0042521267984,785.0620586933769,3.838276131234756,-0.3015925085755492,9519.8,9451.0,8719.8,9385.166666666666,270.2011534640207,9284.45641482237,2022-01-31,-0.0419926770391168,-0.0411231976359096,0.0652061108639294,0.7734628596795132,2.0
267,-0.02875386736481289,-0.028344408811893262,-0.07788445448460513,-0.03407136362142438,1231.9648858630235,1037.8822457292038,0.316195821828523,0.32203847356552906,9074.1,9561.6,9127.9,9136.933333333334,355.63762924259163,9128.604276548247,2022-02-28,-0.0556377907591851,-0.0541183190642872,0.1168291673045978,1.7602157227839337,0.0
268,0.11647029985168622,0.12352414113804167,0.040568079161326986,0.08762722471700402,1971.9778193477416,1336.702773244623,0.6006769689432503,0.287913709618832,8816.9,9519.8,9107.9,9265.666666666666,569.2609624181949,9387.736184365498,2022-03-31,0.0366555018447956,0.0373355990759141,0.072243495706127,0.6440198300974007,0.0
269,-0.09131554432314992,-0.08727034120734911,-0.0035926427965308205,-0.04332874828060518,1991.9559332473889,1413.7823891956925,0.010131003352895407,0.057663990450151914,9906.0,9074.1,9451.0,9254.800000000001,575.0281471371261,9272.324122910331,2022-04-30,-0.0138848044988435,-0.013788855193328,0.0567884605985806,0.5958205232033053,2.0
270,-0.013349787138938751,-0.013261073936846723,0.011874922024748047,-0.06693440428380182,1860.5266028733542,1440.7408663600484,-0.06598003910647354,0.019068335672007164,9041.5,8816.9,9561.6,9289.699999999999,537.0877675016956,9155.416081940222,2022-05-31,0.0724239331249032,0.0751110226438145,0.0865634056339024,2.199150641265897,0.0
271,0.05251094407113044,0.053914096126255195,-0.05081768625075722,-0.012311183008046456,867.3294875648401,1389.5289345673618,-0.5338258070455126,-0.03554555367202894,8921.6,9906.0,9519.8,9121.9,250.37645656083032,9237.810721293481,2022-06-30,-0.0285259076141679,-0.0281228851973388,0.1476418424900236,1.5118956527539087,2.0
272,-0.11029328658448456,-0.1044285623125516,-0.06866117347785206,-0.07200714120408636,1700.8171095092832,1777.6442309978474,0.9609815345775765,0.2793142962160249,9402.599999999999,9041.5,9074.1,8914.966666666667,490.983608008753,8965.44048086232,2022-07-31,0.0166769331570977,0.0168167694723082,0.0710318905833542,0.5632002805446882,0.0
273,0.13096596619079648,0.13992898452622704,0.07592808464849354,0.08870464675793088,2186.8202761085527,1837.7565018249559,0.28574687065529947,0.03381569257722927,8420.7,8921.6,8816.9,9140.766666666668,631.2806375403023,9176.626987241547,2022-08-31,-0.0305679746911229,-0.0301054984527324,0.0620150072389869,0.6682683860846979,1.0
274,-0.034153046273466714,-0.0335764142098135,-0.013389913428200506,-0.06352715525943864,2109.5042924818845,1443.200788525257,-0.03535543568502664,-0.21469422793927895,9599.0,9402.599999999999,9906.0,9098.800000000001,608.9614355605436,9209.98465816103,2022-09-30,-0.0783456093037289,-0.0753551945327017,0.0797101702101272,1.5035488983181162,0.0
275,0.01961935568174411,0.019813080082356826,0.1234814207844952,0.04634186805286733,560.0749592683559,1515.0839567495616,-0.7344992559321064,0.04980815475978151,9276.7,8420.7,9041.5,9445.400000000001,161.679714249977,9293.489772107354,2022-10-31,0.1292494960406776,0.1379740087597969,0.1033724768798247,1.303846643895181,0.0
276,0.007392931434981875,0.007420326621214501,-0.007115324512970034,0.06827250717360123,454.3709497750208,1510.4536060402131,-0.1887318969436157,-0.003056167738243576,9460.5,9599.0,8921.6,9422.633333333333,131.1655950822771,9372.559848071569,2022-11-30,0.0198499176607018,0.0200482373123842,0.0629114075156316,0.5703700845982761,2.0
277,-0.06852307183998896,-0.0662280839812397,-0.04066101091983143,-0.05350647693191235,1198.384312313655,1579.7880630008265,1.6374580349096446,0.04590306957019341,9530.7,9276.7,9402.599999999999,9296.900000000001,345.94375265345667,9214.873232047712,2022-12-31,-0.0057070995563455,-0.0056908450004965,0.0488949612601423,0.7757942297017054,1.0
278,0.06329470055115216,0.06534074948030799,0.0021669044976482255,0.12591589772821732,1215.7514384114336,888.2253137576446,0.014492117361123213,-0.43775666207374053,8899.5,9460.5,8420.7,9303.733333333335,350.957210117258,9303.582154698475,2023-01-31,-0.0229298632871284,-0.0226689718447874,0.0426924768410508,0.9034660029795518,1.0
279,-0.11113133329720348,-0.10517877860985136,-0.10984502712287669,-0.11617876862173149,1735.1406744121693,1440.4525788792603,0.42721663293230216,0.6217198007850211,9481.0,9530.7,9599.0,8954.766666666668,500.8919677268674,9030.32143646565,2023-02-28,0.0268977887610315,0.0272627995938363,0.0500319273874945,1.1288997658669166,0.0
280,0.14129105495326932,0.15175982460689785,0.09796055958199901,0.05331637327929095,2339.375207186627,1665.2570348147133,0.3482337436295533,0.15606515565431622,8483.8,8899.5,9276.7,9245.366666666667,675.3194528023679,9277.3142909771,2023-03-31,0.0046950335726343,0.0047060725120604,0.059083159208737,1.3554453624171234,1.0
281,-0.15578776188564447,-0.14425920808899517,-0.11805716696550994,-0.11614608107393898,2705.3786500228634,2046.7141041190703,0.15645350164944194,0.22906798249724858,9771.3,9481.0,9460.5,8872.266666666668,780.9755459252833,8972.109527318067,2023-04-30,0.035408545093265,0.0360428925890861,0.054328712101336,0.762917144391641,1.0
282,0.08871412539731871,0.09276821698936821,0.07704094863150979,-0.0412666435833674,2445.6131582896523,1913.8081502595658,-0.09601816430798538,-0.06493625738544895,8361.7,8483.8,9530.7,9090.133333333333,705.9877076361108,9027.20635154538,2023-05-31,-0.0045193285368503,-0.0045091317383154,0.0450914082920297,0.8343353710905413,2.0
283,-0.008804818708480155,-0.00876616980760414,-0.07307113690092415,0.017731333220967427,1477.8266880793362,1902.455273587249,-0.3957234474838779,-0.005932087116870655,9137.400000000001,9771.3,8899.5,8852.133333333333,426.61181808910897,9037.237567696919,2023-06-30,-0.0036723756919023,-0.0036656407672045,0.0375077229640927,0.880954909973619,1.0
284,-0.09776757053719365,-0.09314033983637493,-0.017699750050827023,-0.13366733466933856,1772.7372394124134,2049.887950108487,0.19955692620246213,0.07749600138732338,9057.3,8361.7,9481.0,8802.800000000001,511.7451611886155,8762.72504513128,2023-07-31,-0.0181744193684663,-0.0180102606098557,0.0296411698013692,0.9770318265193922,1.0
285,0.12400658635374562,0.13202332688069918,0.017587059776303926,0.09598293217661902,1972.5967454093416,2036.0730173547183,0.1127406259391115,-0.006739359950399981,8213.7,9137.400000000001,8483.8,8856.366666666667,569.4396309823316,8941.183363420852,2023-08-31,0.0050338806850334,0.0050465719489085,0.0526456334873701,1.594024261902916,0.0
286,-0.07206580327462575,-0.06953033415428977,-0.04479259823567738,-0.11459068905877423,1889.784125237472,1537.4920825812374,-0.04198152529886934,-0.24487379898646322,9298.1,9057.3,9771.3,8721.133333333333,545.533686708068,8844.6555756139,2023-09-30,-0.0726213400764148,-0.0700471007418974,0.051740305463519,0.892429083682522,1.0
287,0.09309478962194362,0.09756576818160823,0.15608069444951722,0.1356183551191743,1529.387341388533,1619.5051046538742,-0.1907079115735778,0.053342077661270526,8651.599999999999,8213.7,8361.7,9148.466666666667,441.49609662293784,9061.670383742601,2023-10-31,-0.0481893855002546,-0.0470467055496875,0.0664832421139989,1.136099350856838,0.0
288,-0.01830096987694141,-0.018134524047726974,0.002731740893300749,0.020366843959988445,1545.0613321158103,1684.2108335953517,0.010248542212365042,0.039954013578306524,9495.7,9298.1,9137.400000000001,9156.933333333334,446.02078800577243,9148.946922495068,2023-11-30,0.0834727567140278,0.0870555999228925,0.0781034504053259,1.4397900706782,0.0
289,-0.029673894400939815,-0.02923794712286165,0.046153312682047476,-0.0007066123458425722,776.9306790180464,1683.773168808658,-0.4971522082206822,-0.0002598634196879779,9323.5,8651.599999999999,9057.3,9290.033333333335,224.2805683363739,9116.264614996711,2023-12-31,0.1297520221948724,0.1385460141737968,0.136461257434818,1.8306403694701208,2.0
