Date,Production
1921-01-01,1387.0
1921-02-01,826.0
1921-03-01,788.0
1921-04-01,760.0
1921-05-01,783.0
1921-06-01,868.0
1921-07-01,756.0
1921-08-01,767.0
1921-09-01,754.0
1921-10-01,822.0
1921-11-01,838.0
1921-12-01,826.0
1922-01-01,902.0
1922-02-01,779.0
1922-03-01,835.0
1922-04-01,742.0
1922-05-01,907.0
1922-06-01,972.0
1922-07-01,843.0
1922-08-01,850.0
1922-09-01,825.0
1922-10-01,915.0
1922-11-01,999.0
1922-12-01,1087.0
1923-01-01,1115.0
1923-02-01,929.0
1923-03-01,1028.0
1923-04-01,954.0
1923-05-01,985.0
1923-06-01,964.0
1923-07-01,928.0
1923-08-01,933.0
1923-09-01,872.0
1923-10-01,1076.0
1923-11-01,1140.0
1923-12-01,1143.0
1924-01-01,1175.0
1924-02-01,999.0
1924-03-01,933.0
1924-04-01,902.0
1924-05-01,976.0
1924-06-01,925.0
1924-07-01,976.0
1924-08-01,870.0
1924-09-01,879.0
1924-10-01,1005.0
1924-11-01,1067.0
1924-12-01,1277.0
1925-01-01,1202.0
1925-02-01,924.0
1925-03-01,859.0
1925-04-01,846.0
1925-05-01,876.0
1925-06-01,929.0
1925-07-01,897.0
1925-08-01,825.0
1925-09-01,850.0
1925-10-01,1035.0
1925-11-01,938.0
1925-12-01,1103.0
1926-01-01,1078.0
1926-02-01,864.0
1926-03-01,947.0
1926-04-01,890.0
1926-05-01,895.0
1926-06-01,996.0
1926-07-01,970.0
1926-08-01,905.0
1926-09-01,931.0
1926-10-01,946.0
1926-11-01,976.0
1926-12-01,1069.0
1927-01-01,1061.0
1927-02-01,887.0
1927-03-01,982.0
1927-04-01,890.0
1927-05-01,974.0
1927-06-01,1040.0
1927-07-01,916.0
1927-08-01,931.0
1927-09-01,835.0
1927-10-01,891.0
1927-11-01,948.0
1927-12-01,1031.0
1928-01-01,1109.0
1928-02-01,1136.0
1928-03-01,1045.0
1928-04-01,810.0
1928-05-01,942.0
1928-06-01,952.0
1928-07-01,804.0
1928-08-01,783.0
1928-09-01,792.0
1928-10-01,953.0
1928-11-01,1004.0
1928-12-01,1108.0
1929-01-01,1148.0
1929-02-01,912.0
1929-03-01,866.0
1929-04-01,905.0
1929-05-01,910.0
1929-06-01,883.0
1929-07-01,935.0
1929-08-01,876.0
1929-09-01,867.0
1929-10-01,987.0
1929-11-01,984.0
1929-12-01,1024.0
1930-01-01,1090.0
1930-02-01,880.0
1930-03-01,835.0
1930-04-01,864.0
1930-05-01,935.0
1930-06-01,905.0
1930-07-01,902.0
1930-08-01,821.0
1930-09-01,846.0
1930-10-01,970.0
1930-11-01,895.0
1930-12-01,1047.0
1931-01-01,1148.0
1931-02-01,911.0
1931-03-01,885.0
1931-04-01,920.0
1931-05-01,906.0
1931-06-01,886.0
1931-07-01,849.0
1931-08-01,821.0
1931-09-01,832.0
1931-10-01,966.0
1931-11-01,913.0
1931-12-01,1115.0
1932-01-01,1067.0
1932-02-01,959.0
1932-03-01,874.0
1932-04-01,907.0
1932-05-01,906.0
1932-06-01,829.0
1932-07-01,768.0
1932-08-01,815.0
1932-09-01,894.0
1932-10-01,905.0
1932-11-01,883.0
1932-12-01,948.0
1933-01-01,999.0
1933-02-01,839.0
1933-03-01,879.0
1933-04-01,916.0
1933-05-01,1025.0
1933-06-01,1081.0
1933-07-01,983.0
1933-08-01,987.0
1933-09-01,919.0
1933-10-01,943.0
1933-11-01,1055.0
1933-12-01,1026.0
1934-01-01,1208.0
1934-02-01,894.0
1934-03-01,878.0
1934-04-01,903.0
1934-05-01,1053.0
1934-06-01,972.0
1934-07-01,919.0
1934-08-01,870.0
1934-09-01,858.0
1934-10-01,1039.0
1934-11-01,1054.0
1934-12-01,972.0
1935-01-01,876.0
1935-02-01,693.0
1935-03-01,703.0
1935-04-01,720.0
1935-05-01,762.0
1935-06-01,677.0
1935-07-01,717.0
1935-08-01,760.0
1935-09-01,729.0
1935-10-01,926.0
1935-11-01,878.0
1935-12-01,920.0
1936-01-01,1012.0
1936-02-01,757.0
1936-03-01,833.0
1936-04-01,854.0
1936-05-01,839.0
1936-06-01,913.0
1936-07-01,952.0
1936-08-01,909.0
1936-09-01,947.0
1936-10-01,1099.0
1936-11-01,1099.0
1936-12-01,1175.0
1937-01-01,990.0
1937-02-01,808.0
1937-03-01,905.0
1937-04-01,866.0
1937-05-01,740.0
1937-06-01,807.0
1937-07-01,713.0
1937-08-01,742.0
1937-09-01,834.0
1937-10-01,921.0
1937-11-01,936.0
1937-12-01,1050.0
1938-01-01,1095.0
1938-02-01,834.0
1938-03-01,860.0
1938-04-01,808.0
1938-05-01,850.0
1938-06-01,875.0
1938-07-01,839.0
1938-08-01,873.0
1938-09-01,905.0
1938-10-01,953.0
1938-11-01,1036.0
1938-12-01,1056.0
1939-01-01,1030.0
1939-02-01,809.0
1939-03-01,934.0
1939-04-01,837.0
1939-05-01,982.0
1939-06-01,941.0
1939-07-01,905.0
1939-08-01,912.0
1939-09-01,947.0
1939-10-01,1025.0
1939-11-01,1108.0
1939-12-01,1174.0
1940-01-01,1237.0
1940-02-01,1020.0
1940-03-01,986.0
1940-04-01,978.0
1940-05-01,1033.0
1940-06-01,1010.0
1940-07-01,980.0
1940-08-01,944.0
1940-09-01,935.0
1940-10-01,1191.0
1940-11-01,1241.0
1940-12-01,1300.0
1941-01-01,1165.0
1941-02-01,978.0
1941-03-01,1038.0
1941-04-01,1043.0
1941-05-01,1136.0
1941-06-01,1031.0
1941-07-01,1074.0
1941-08-01,1033.0
1941-09-01,1052.0
1941-10-01,1260.0
1941-11-01,1200.0
1941-12-01,1424.0
1942-01-01,1450.0
1942-02-01,1096.0
1942-03-01,1163.0
1942-04-01,1202.0
1942-05-01,1188.0
1942-06-01,1323.0
1942-07-01,1257.0
1942-08-01,1183.0
1942-09-01,1286.0
1942-10-01,1368.0
1942-11-01,1354.0
1942-12-01,1587.0
1943-01-01,1387.0
1943-02-01,1191.0
1943-03-01,1303.0
1943-04-01,1202.0
1943-05-01,1301.0
1943-06-01,1341.0
1943-07-01,1416.0
1943-08-01,1345.0
1943-09-01,1374.0
1943-10-01,1475.0
1943-11-01,1724.0
1943-12-01,1774.0
1944-01-01,4030.0
1944-02-01,3698.0
1944-03-01,3681.0
1944-04-01,3226.0
1944-05-01,3401.0
1944-06-01,3261.0
1944-07-01,2979.0
1944-08-01,3159.0
1944-09-01,2998.0
1944-10-01,3365.0
1944-11-01,3523.0
1944-12-01,3538.0
1945-01-01,3606.0
1945-02-01,2902.0
1945-03-01,3038.0
1945-04-01,2664.0
1945-05-01,2830.0
1945-06-01,2849.0
1945-07-01,2693.0
1945-08-01,2773.0
1945-09-01,2847.0
1945-10-01,3293.0
1945-11-01,3645.0
1945-12-01,3584.0
1946-01-01,3452.0
1946-02-01,3367.0
1946-03-01,2915.0
1946-04-01,2834.0
1946-05-01,2636.0
1946-06-01,1821.0
1946-07-01,3486.0
1946-08-01,2837.0
1946-09-01,987.0
1946-10-01,2901.0
1946-11-01,3580.0
1946-12-01,3489.0
1947-01-01,3829.0
1947-02-01,2886.0
1947-03-01,2825.0
1947-04-01,2922.0
1947-05-01,3026.0
1947-06-01,2930.0
1947-07-01,3002.0
1947-08-01,2629.0
1947-09-01,2884.0
1947-10-01,3266.0
1947-11-01,3483.0
1947-12-01,3732.0
1948-01-01,3460.0
1948-02-01,2617.0
1948-03-01,2681.0
1948-04-01,2531.0
1948-05-01,2507.0
1948-06-01,3001.0
1948-07-01,2533.0
1948-08-01,2373.0
1948-09-01,2592.0
1948-10-01,2907.0
1948-11-01,3321.0
1948-12-01,9372.0
1949-01-01,3313.0
1949-02-01,2725.0
1949-03-01,2977.0
1949-04-01,2658.0
1949-05-01,2683.0
1949-06-01,2806.0
1949-07-01,2649.0
1949-08-01,2881.0
1949-09-01,2901.0
1949-10-01,3057.0
1949-11-01,3369.0
1949-12-01,3454.0
1950-01-01,3384.0
1950-02-01,2656.0
1950-03-01,3078.0
1950-04-01,2717.0
1950-05-01,2905.0
1950-06-01,2894.0
1950-07-01,2697.0
1950-08-01,2885.0
1950-09-01,2956.0
1950-10-01,3176.0
1950-11-01,3450.0
1950-12-01,3606.0
1951-01-01,3695.0
1951-02-01,2607.0
1951-03-01,2943.0
1951-04-01,2817.0
1951-05-01,2910.0
1951-06-01,2699.0
1951-07-01,2662.0
1951-08-01,2933.0
1951-09-01,2709.0
1951-10-01,3248.0
1951-11-01,3468.0
1951-12-01,3415.0
1952-01-01,3709.0
1952-02-01,3197.0
1952-03-01,3095.0
1952-04-01,2959.0
1952-05-01,2853.0
1952-06-01,2779.0
1952-07-01,2800.0
1952-08-01,2800.0
1952-09-01,3068.0
1952-10-01,3602.0
1952-11-01,3338.0
1952-12-01,3974.0
1953-01-01,3791.0
1953-02-01,3100.0
1953-03-01,3385.0
1953-04-01,3311.0
1953-05-01,3101.0
1953-06-01,3259.0
1953-07-01,3237.0
1953-08-01,3166.0
1953-09-01,3479.0
1953-10-01,3879.0
1953-11-01,3810.0
1953-12-01,3860.0
1954-01-01,3677.0
1954-02-01,3075.0
1954-03-01,3590.0
1954-04-01,3247.0
1954-05-01,3183.0
1954-06-01,3408.0
1954-07-01,3340.0
1954-08-01,3430.0
1954-09-01,3666.0
1954-10-01,3783.0
1954-11-01,3952.0
1954-12-01,4082.0
1955-01-01,3906.0
1955-02-01,3295.0
1955-03-01,3878.0
1955-04-01,3448.0
1955-05-01,3510.0
1955-06-01,3557.0
1955-07-01,3236.0
1955-08-01,3850.0
1955-09-01,3986.0
1955-10-01,4185.0
1955-11-01,4329.0
1955-12-01,4417.0
1956-01-01,4456.0
1956-02-01,3922.0
1956-03-01,4086.0
1956-04-01,3788.0
1956-05-01,3851.0
1956-06-01,3707.0
1956-07-01,3727.0
1956-08-01,3813.0
1956-09-01,3690.0
1956-10-01,4521.0
1956-11-01,4367.0
1956-12-01,3996.0
1957-01-01,4370.0
1957-02-01,3634.0
1957-03-01,3769.0
1957-04-01,3659.0
1957-05-01,3875.0
1957-06-01,3427.0
1957-07-01,3750.0
1957-08-01,3723.0
1957-09-01,3748.0
1957-10-01,4314.0
1957-11-01,3767.0
1957-12-01,3770.0
1958-01-01,2268.0
1958-02-01,1807.0
1958-03-01,1907.0
1958-04-01,1984.0
1958-05-01,1948.0
1958-06-01,1934.0
1958-07-01,2011.0
1958-08-01,1939.0
1958-09-01,2119.0
1958-10-01,2314.0
1958-11-01,1965.0
1958-12-01,2182.0
1959-01-01,2241.0
1959-02-01,1980.0
1959-03-01,2084.0
1959-04-01,2153.0
1959-05-01,2018.0
1959-06-01,2064.0
1959-07-01,2145.0
1959-08-01,2003.0
1959-09-01,2253.0
1959-10-01,2402.0
1959-11-01,2245.0
1959-12-01,2429.0
1960-01-01,2656.9
1960-02-01,2435.0
1960-03-01,2623.6
1960-04-01,2425.0
1960-05-01,2592.9
1960-06-01,2610.9
1960-07-01,2401.6
1960-08-01,2752.2
1960-09-01,2762.9
1960-10-01,2789.2
1960-11-01,2779.2
1960-12-01,2709.1
1961-01-01,2758.9
1961-02-01,2335.7
1961-03-01,2726.8
1961-04-01,2485.2
1961-05-01,2841.7
1961-06-01,2819.2
1961-07-01,2565.2
1961-08-01,2852.5
1961-09-01,2773.6
1961-10-01,3057.6
1961-11-01,2974.3
1961-12-01,2777.2
1962-01-01,2945.0
1962-02-01,2419.7
1962-03-01,2740.1
1962-04-01,2586.1
1962-05-01,2868.0
1962-06-01,2710.9
1962-07-01,2661.5
1962-08-01,2835.9
1962-09-01,2594.0
1962-10-01,3190.8
1962-11-01,2984.5
1962-12-01,2822.1
1963-01-01,3065.5
1963-02-01,2552.1
1963-03-01,2819.7
1963-04-01,2859.8
1963-05-01,2947.9
1963-06-01,2693.9
1963-07-01,2841.2
1963-08-01,2899.0
1963-09-01,2965.1
1963-10-01,3386.0
1963-11-01,3081.1
1963-12-01,3161.6
1964-01-01,3355.9
1964-02-01,2770.7
1964-03-01,2977.7
1964-04-01,3138.2
1964-05-01,2994.0
1964-06-01,3068.4
1964-07-01,3025.6
1964-08-01,2947.4
1964-09-01,3190.5
1964-10-01,3545.5
1964-11-01,3294.6
1964-12-01,3440.9
1965-01-01,3230.0
1965-02-01,2738.2
1965-03-01,3199.4
1965-04-01,2957.8
1965-05-01,2798.7
1965-06-01,2971.8
1965-07-01,2925.0
1965-08-01,3088.9
1965-09-01,3323.4
1965-10-01,3349.3
1965-11-01,3301.0
1965-12-01,3267.5
1966-01-01,3174.5
1966-02-01,2824.3
1966-03-01,3207.5
1966-04-01,3020.6
1966-05-01,3068.2
1966-06-01,3217.0
1966-07-01,2968.7
1966-08-01,3403.9
1966-09-01,3549.8
1966-10-01,3566.0
1966-11-01,3573.2
1966-12-01,3610.6
1967-01-01,3613.0
1967-02-01,3084.9
1967-03-01,3451.8
1967-04-01,3203.4
1967-05-01,3378.2
1967-06-01,3370.4
1967-07-01,3139.5
1967-08-01,3595.9
1967-09-01,3563.7
1967-10-01,3783.8
1967-11-01,3607.6
1967-12-01,3498.6
1968-01-01,3731.2
1968-02-01,3201.9
1968-03-01,3256.9
1968-04-01,3362.7
1968-05-01,3570.1
1968-06-01,3173.2
1968-07-01,3456.4
1968-08-01,3572.0
1968-09-01,3590.8
1968-10-01,4082.2
1968-11-01,3612.9
1968-12-01,3618.6
1969-01-01,3844.7
1969-02-01,3263.2
1969-03-01,3392.9
1969-04-01,3466.9
1969-05-01,3391.7
1969-06-01,3334.9
1969-07-01,3483.8
1969-08-01,3489.3
1969-09-01,3795.3
1969-10-01,4129.3
1969-11-01,3460.8
1969-12-01,3789.9
1970-01-01,3747.5
1970-02-01,3221.4
1970-03-01,3529.3
1970-04-01,3668.1
1970-05-01,3468.0
1970-06-01,3588.0
1970-07-01,3655.5
1970-08-01,3612.6
1970-09-01,3944.5
1970-10-01,4166.0
1970-11-01,3822.8
1970-12-01,4119.4
1971-01-01,3888.3
1971-02-01,3356.2
1971-03-01,3946.0
1971-04-01,3799.1
1971-05-01,3671.8
1971-06-01,3913.4
1971-07-01,3738.1
1971-08-01,3919.8
1971-09-01,4067.1
1971-10-01,3988.3
1971-11-01,4000.2
1971-12-01,4004.6
1972-01-01,3746.2
1972-02-01,3523.7
1972-03-01,3976.9
1972-04-01,3603.5
1972-05-01,3934.7
1972-06-01,3864.7
1972-07-01,3449.6
1972-08-01,4082.5
1972-09-01,3921.7
1972-10-01,4238.5
1972-11-01,4094.8
1972-12-01,3816.5
1973-01-01,3990.8
1973-02-01,3357.9
1973-03-01,3642.0
1973-04-01,3218.7
1973-05-01,3818.9
1973-06-01,3563.2
1973-07-01,3467.5
1973-08-01,3592.5
1973-09-01,3478.6
1973-10-01,4170.8
1973-11-01,3993.3
1973-12-01,3752.1
1974-01-01,4142.7
1974-02-01,3359.5
1974-03-01,3799.7
1974-04-01,3880.3
1974-05-01,4091.1
1974-06-01,3745.4
1974-07-01,3905.8
1974-08-01,4058.9
1974-09-01,3932.3
1974-10-01,4378.1
1974-11-01,3940.6
1974-12-01,3892.9
1975-01-01,4081.1
1975-02-01,3515.1
1975-03-01,3622.7
1975-04-01,3831.7
1975-05-01,3631.8
1975-06-01,3597.0
1975-07-01,3694.6
1975-08-01,3733.7
1975-09-01,3976.2
1975-10-01,4307.8
1975-11-01,3796.2
1975-12-01,4070.6
1976-01-01,4136.8
1976-02-01,3615.6
1976-03-01,4348.6
1976-04-01,3920.1
1976-05-01,3753.3
1976-06-01,4082.4
1976-07-01,3996.2
1976-08-01,4369.1
1976-09-01,4511.1
1976-10-01,4519.3
1976-11-01,4408.8
1976-12-01,4345.3
1977-01-01,7128.3
1977-02-01,6701.7
1977-03-01,7725.9
1977-04-01,7026.2
1977-05-01,6944.8
1977-06-01,7356.7
1977-07-01,6604.0
1977-08-01,7668.0
1977-09-01,7566.6
1977-10-01,7498.7
1977-11-01,7578.1
1977-12-01,7271.0
1978-01-01,7179.6
1978-02-01,6716.5
1978-03-01,7394.7
1978-04-01,6845.4
1978-05-01,7346.4
1978-06-01,7001.2
1978-07-01,6603.2
1978-08-01,7507.7
1978-09-01,7204.9
1978-10-01,7656.3
1978-11-01,7546.3
1978-12-01,7022.2
1979-01-01,7434.6
1979-02-01,6211.4
1979-03-01,7008.2
1979-04-01,6599.8
1979-05-01,7237.8
1979-06-01,6933.0
1979-07-01,6931.2
1979-08-01,7749.5
1979-09-01,6739.9
1979-10-01,8202.0
1979-11-01,7539.6
1979-12-01,7043.1
1980-01-01,7746.5
1980-02-01,6963.9
1980-03-01,7071.4
1980-04-01,7593.9
1980-05-01,7612.7
1980-06-01,7176.6
1980-07-01,7128.2
1980-08-01,7038.1
1980-09-01,7447.8
1980-10-01,8213.5
1980-11-01,7092.9
1980-12-01,7695.7
1981-01-01,7821.4
1981-02-01,6877.3
1981-03-01,7732.3
1981-04-01,7596.4
1981-05-01,7174.1
1981-06-01,7315.1
1981-07-01,7209.1
1981-08-01,7197.2
1981-09-01,7641.4
1981-10-01,8016.8
1981-11-01,7373.7
1981-12-01,7917.8
1982-01-01,1138.0
1982-02-01,1034.4
1982-03-01,19444.7
1982-04-01,1172.9
1982-05-01,1153.5
1982-06-01,19075.5
1982-07-01,1245.7
1982-08-01,1285.5
1982-09-01,19275.5
1982-10-01,1278.1
1982-11-01,1206.4
1982-12-01,20147.1
1983-01-01,7377.7
1983-02-01,6536.7
1983-03-01,7650.7
1983-04-01,7220.0
1983-05-01,7473.8
1983-06-01,7785.9
1983-07-01,7103.7
1983-08-01,8090.9
1983-09-01,8054.5
1983-10-01,8202.1
1983-11-01,8009.5
1983-12-01,7851.3
1984-01-01,7523.9
1984-02-01,7192.6
1984-03-01,7791.0
1984-04-01,7258.3
1984-05-01,8057.5
1984-06-01,7619.1
1984-07-01,7307.3
1984-08-01,8061.8
1984-09-01,7413.7
1984-10-01,8678.2
1984-11-01,7855.5
1984-12-01,7371.1
1985-01-01,8058.7
1985-02-01,6927.2
1985-03-01,7449.5
1985-04-01,7856.0
1985-05-01,8267.8
1985-06-01,7379.3
1985-07-01,7891.8
1985-08-01,8164.5
1985-09-01,7772.1
1985-10-01,8508.8
1985-11-01,7467.3
1985-12-01,7537.6
1986-01-01,8276.0
1986-02-01,7067.5
1986-03-01,7457.8
1986-04-01,8293.2
1986-05-01,8111.3
1986-06-01,7648.9
1986-07-01,7941.3
1986-08-01,7757.6
1986-09-01,7965.0
1986-10-01,8494.1
1986-11-01,7285.2
1986-12-01,7965.3
1987-01-01,8242.9
1987-02-01,7040.1
1987-03-01,7817.0
1987-04-01,7751.4
1987-05-01,7386.0
1987-06-01,7769.6
1987-07-01,7907.7
1987-08-01,7808.8
1987-09-01,8305.6
1987-10-01,8715.5
1987-11-01,7883.5
1987-12-01,8366.3
1988-01-01,8010.1
1988-02-01,7612.4
1988-03-01,8298.3
1988-04-01,7870.5
1988-05-01,7980.9
1988-06-01,8285.3
1988-07-01,7868.3
1988-08-01,8673.3
1988-09-01,8599.0
1988-10-01,8677.9
1988-11-01,8400.8
1988-12-01,8323.1
1989-01-01,8106.8
1989-02-01,7461.2
1989-03-01,8295.5
1989-04-01,7828.1
1989-05-01,8522.3
1989-06-01,8480.4
1989-07-01,7784.6
1989-08-01,8855.6
1989-09-01,8418.5
1989-10-01,8843.8
1989-11-01,8586.8
1989-12-01,8174.2
1990-01-01,8552.5
1990-02-01,7578.0
1990-03-01,8284.4
1990-04-01,7870.4
1990-05-01,8531.5
1990-06-01,8206.8
1990-07-01,8040.0
1990-08-01,8873.5
1990-09-01,7990.4
1990-10-01,9063.5
1990-11-01,8512.3
1990-12-01,7964.2
1991-01-01,8775.0
1991-02-01,7694.1
1991-03-01,7947.9
1991-04-01,8532.4
1991-05-01,8634.7
1991-06-01,8033.3
1991-07-01,8544.0
1991-08-01,8931.0
1991-09-01,8556.6
1991-10-01,9576.7
1991-11-01,8570.4
1991-12-01,8527.1
1992-01-01,9301.8
1992-02-01,8055.6
1992-03-01,8775.3
1992-04-01,8542.0
1992-05-01,8538.5
1992-06-01,8979.9
1992-07-01,9074.9
1992-08-01,8961.1
1992-09-01,9265.4
1992-10-01,9504.3
1992-11-01,8568.6
1992-12-01,9032.8
1993-01-01,8734.9
1993-02-01,7979.7
1993-03-01,8944.8
1993-04-01,8786.1
1993-05-01,8548.3
1993-06-01,9259.1
1993-07-01,8873.5
1993-08-01,9268.6
1993-09-01,9306.8
1993-10-01,9236.0
1993-11-01,9090.6
1993-12-01,9372.2
1994-01-01,8926.3
1994-02-01,8290.4
1994-03-01,9487.0
1994-04-01,9027.2
1994-05-01,9170.1
1994-06-01,9658.9
1994-07-01,9005.4
1994-08-01,10056.8
1994-09-01,9938.7
1994-10-01,10026.6
1994-11-01,9706.5
1994-12-01,9785.1
1995-01-01,9506.9
1995-02-01,8643.5
1995-03-01,10019.9
1995-04-01,8902.4
1995-05-01,10039.5
1995-06-01,10210.4
1995-07-01,9234.0
1995-08-01,10266.1
1995-09-01,9854.6
1995-10-01,10194.8
1995-11-01,10008.9
1995-12-01,9520.2
1996-01-01,10257.3
1996-02-01,9555.2
1996-03-01,9546.6
1996-04-01,9945.4
1996-05-01,10204.0
1996-06-01,9370.0
1996-07-01,9798.4
1996-08-01,10118.8
1996-09-01,9320.6
1996-10-01,10440.7
1996-11-01,9343.6
1996-12-01,9362.2
1997-01-01,10181.1
1997-02-01,9030.9
1997-03-01,9385.3
1997-04-01,9880.8
1997-05-01,9879.0
1997-06-01,9634.2
1997-07-01,10049.6
1997-08-01,9940.2
1997-09-01,10010.2
1997-10-01,10901.6
1997-11-01,9381.2
1997-12-01,10123.1
1998-01-01,10441.9
1998-02-01,9477.6
1998-03-01,10138.5
1998-04-01,10173.1
1998-05-01,9815.5
1998-06-01,10175.5
1998-07-01,10319.0
1998-08-01,10208.0
1998-09-01,10334.3
1998-10-01,10930.4
1998-11-01,10055.7
1998-12-01,10675.9
1999-01-01,10457.8
1999-02-01,9685.7
1999-03-01,10939.2
1999-04-01,10546.8
1999-05-01,10069.3
1999-06-01,10854.5
1999-07-01,10441.0
1999-08-01,10719.6
1999-09-01,10773.7
1999-10-01,10878.9
1999-11-01,10617.7
1999-12-01,10617.0
2000-01-01,10372.6
2000-02-01,10375.8
2000-03-01,11142.8
2000-04-01,9688.1
2000-05-01,10867.2
2000-06-01,10998.5
2000-07-01,10141.1
2000-08-01,11356.3
2000-09-01,10581.4
2000-10-01,11198.3
2000-11-01,10842.9
2000-12-01,10015.0
2001-01-01,10882.3
2001-02-01,9574.1
2001-03-01,10513.3
2001-04-01,9984.9
2001-05-01,11023.0
2001-06-01,10638.9
2001-07-01,10341.2
2001-08-01,11438.4
2001-09-01,10251.5
2001-10-01,11845.3
2001-11-01,10972.4
2001-12-01,10570.7
2002-01-01,11357.8
2002-02-01,9930.1
2002-03-01,10380.5
2002-04-01,11000.5
2002-05-01,11417.3
2002-06-01,10702.1
2002-07-01,11312.3
2002-08-01,11589.300000000001
2002-09-01,10817.1
2002-10-01,12150.800000000001
2002-11-01,10788.4
2002-12-01,10724.6
2003-01-01,11382.7
2003-02-01,9882.3
2003-03-01,10428.1
2003-04-01,10888.2
2003-05-01,11138.4
2003-06-01,11146.2
2003-07-01,11468.8
2003-08-01,11063.6
2003-09-01,11293.0
2003-10-01,11819.2
2003-11-01,10007.0
2003-12-01,10976.9
2004-01-01,10685.1
2004-02-01,9704.6
2004-03-01,11187.699999999999
2004-04-01,10709.7
2004-05-01,10411.3
2004-06-01,11209.9
2004-07-01,10759.7
2004-08-01,11207.4
2004-09-01,11254.5
2004-10-01,11199.9
2004-11-01,10796.1
2004-12-01,11176.2
2005-01-01,10612.8
2005-02-01,9967.0
2005-03-01,11200.0
2005-04-01,10561.0
2005-05-01,10897.300000000001
2005-06-01,11445.9
2005-07-01,10533.300000000001
2005-08-01,11744.7
2005-09-01,11354.5
2005-10-01,11340.5
2005-11-01,11306.3
2005-12-01,11301.1
2006-01-01,11233.5
2006-02-01,10135.7
2006-03-01,11733.1
2006-04-01,10493.3
2006-05-01,11719.1
2006-06-01,11816.1
2006-07-01,10926.4
2006-08-01,12103.9
2006-09-01,11294.5
2006-10-01,12032.4
2006-11-01,11751.2
2006-12-01,10982.7
2007-01-01,11636.7
2007-02-01,10375.1
2007-03-01,11392.199999999999
2007-04-01,10871.3
2007-05-01,11788.699999999999
2007-06-01,11597.800000000001
2007-07-01,11444.0
2007-08-01,12338.699999999999
2007-09-01,11136.199999999999
2007-10-01,13068.6
2007-11-01,12216.800000000001
2007-12-01,11540.2
2008-01-01,12529.5
2008-02-01,11407.3
2008-03-01,11664.9
2008-04-01,12281.1
2008-05-01,12135.2
2008-06-01,11702.1
2008-07-01,12254.3
2008-08-01,11819.800000000001
2008-09-01,12203.8
2008-10-01,12842.8
2008-11-01,10982.599999999999
2008-12-01,11758.2
2009-01-01,11696.0
2009-02-01,10818.6
2009-03-01,11720.5
2009-04-01,11636.6
2009-05-01,11203.7
2009-06-01,11827.1
2009-07-01,11842.5
2009-08-01,11651.3
2009-09-01,12047.6
2009-10-01,12313.7
2009-11-01,11216.5
2009-12-01,11730.699999999999
2010-01-01,11113.6
2010-02-01,10628.8
2010-03-01,12146.699999999999
2010-04-01,11551.1
2010-05-01,10937.5
2010-06-01,11931.9
2010-07-01,11464.3
2010-08-01,11922.5
2010-09-01,12038.1
2010-10-01,12167.300000000001
2010-11-01,12304.2
2010-12-01,12399.2
2011-01-01,11668.3
2011-02-01,10933.6
2011-03-01,12439.1
2011-04-01,11213.1
2011-05-01,11539.4
2011-06-01,12226.1
2011-07-01,11144.6
2011-08-01,12389.5
2011-09-01,12067.2
2011-10-01,12105.3
2011-11-01,11946.0
2011-12-01,11796.800000000001
2012-01-01,11794.4
2012-02-01,11255.8
2012-03-01,11853.800000000001
2012-04-01,11207.800000000001
2012-05-01,12133.5
2012-06-01,11681.7
2012-07-01,11528.800000000001
2012-08-01,12601.6
2012-09-01,11352.3
2012-10-01,12938.300000000001
2012-11-01,12200.7
2012-12-01,11356.5
2013-01-01,12406.2
2013-02-01,10745.1
2013-03-01,11448.5
2013-04-01,11855.6
2013-05-01,12082.6
2013-06-01,11224.9
2013-07-01,12075.5
2013-08-01,12224.699999999999
2013-09-01,11471.1
2013-10-01,12933.0
2013-11-01,11720.5
2013-12-01,11843.2
2014-01-01,12106.3
2014-02-01,10775.9
2014-03-01,11151.6
2014-04-01,11629.6
2014-05-01,11587.199999999999
2014-06-01,11331.9
2014-07-01,11639.800000000001
2014-08-01,11295.1
2014-09-01,11714.7
2014-10-01,12657.0
2014-11-01,11018.0
2014-12-01,12105.800000000001
2015-01-01,11978.3
2015-02-01,10961.6
2015-03-01,11960.3
2015-04-01,11888.8
2015-05-01,11360.9
2015-06-01,11907.300000000001
2015-07-01,12013.6
2015-08-01,11674.8
2015-09-01,12223.8
2015-10-01,12551.3
2015-11-01,11733.800000000001
2015-12-01,12358.9
2016-01-01,11833.4
2016-02-01,11548.0
2016-03-01,12513.9
2016-04-01,11778.7
2016-05-01,11954.8
2016-06-01,12449.1
2016-07-01,11522.1
2016-08-01,12994.0
2016-09-01,12650.3
2016-10-01,12767.3
2016-11-01,12860.6
2016-12-01,12632.800000000001
2017-01-01,12560.6
2017-02-01,11530.0
2017-03-01,13117.0
2017-04-01,11685.2
2017-05-01,12643.5
2017-06-01,12781.400000000001
2017-07-01,11865.199999999999
2017-08-01,13501.3
2017-09-01,12786.8
2017-10-01,13453.2
2017-11-01,13108.1
2017-12-01,12651.300000000001
2018-01-01,13276.699999999999
2018-02-01,11884.4
2018-03-01,12992.4
2018-04-01,12497.300000000001
2018-05-01,13230.6
2018-06-01,12670.2
2018-07-01,12595.2
2018-08-01,13919.800000000001
2018-09-01,12310.300000000001
2018-10-01,14140.699999999999
2018-11-01,13395.199999999999
2018-12-01,12460.8
2019-01-01,13566.6
2019-02-01,12118.8
2019-03-01,12736.7
2019-04-01,13173.599999999999
2019-05-01,13452.4
2019-06-01,12769.9
2019-07-01,13531.8
2019-08-01,13645.3
2019-09-01,13073.199999999999
2019-10-01,14688.7
2019-11-01,13470.8
2019-12-01,13574.5
2020-01-01,14327.4
2020-02-01,12844.2
2020-03-01,14303.0
2020-04-01,11834.1
2020-05-01,11518.7
2020-06-01,13786.2
2020-07-01,13867.8
2020-08-01,13618.7
2020-09-01,13762.0
2020-10-01,14492.5
2020-11-01,13371.4
2020-12-01,13883.5
2021-01-01,13679.1
2021-02-01,12486.5
2021-03-01,14518.199999999999
2021-04-01,13630.1
2021-05-01,12661.8
2021-06-01,13713.1
2021-07-01,13005.7
2021-08-01,13535.5
2021-09-01,13556.4
2021-10-01,13793.6
2021-11-01,13753.0
2021-12-01,13717.9
2022-01-01,13234.6
2022-02-01,12787.0
2022-03-01,14373.4
2022-04-01,13157.7
2022-05-01,13168.2
2022-06-01,13802.699999999999
2022-07-01,12593.5
2022-08-01,14259.2
2022-09-01,13777.1
2022-10-01,13997.800000000001
2022-11-01,13984.3
2022-12-01,13225.3
2023-01-01,13913.6
2023-02-01,12557.8
2023-03-01,14234.6
2023-04-01,12434.6
2023-05-01,13662.2
2023-06-01,13554.4
2023-07-01,12475.5
2023-08-01,13939.4
2023-09-01,12994.699999999999
2023-10-01,14154.8
2023-11-01,13685.6
2023-12-01,13156.6
